,1 bit gate,2 bit gate,,,pieces,,,,,,,,,
,"X, H, Z, Y","SWAP, CNOT",,,W,B,+,-,BW,WB,,,,
,,,,,,,,,,,,,,
level,turn,available gate,victory condition,,,,,,,,,,,comment
0-1,1,X,All white,,,,,,,,,,,learn X_1
,,,,,1,2,3,4,5,6,7,8,,
,,,,1,W,W,W,W,W,W,W,W,,
,,,,2,W,W,W,W,W,W,W,W,,
,,,,3,W,W,W,W,W,W,W,W,,
,,,,4,W,W,W,B,B,W,W,W,,
,,,,5,W,W,W,B,B,W,W,W,,
,,,,6,W,W,W,W,W,W,W,W,,
,,,,7,W,W,W,W,W,W,W,W,,
,,,,8,W,W,W,W,W,W,W,W,,
level,turn,available gate,victory condition,,,,,,,,,,,comment
0-2,1,X,All black,,,,,,,,,,,learn X_2
,,,,,1,2,3,4,5,6,7,8,,
,,,,1,B,B,B,W,B,B,B,B,,
,,,,2,B,B,B,W,B,B,B,B,,
,,,,3,B,B,B,W,B,B,B,B,,
,,,,4,B,B,B,W,B,B,B,B,,
,,,,5,B,B,B,W,B,B,B,B,,
,,,,6,B,B,B,W,B,B,B,B,,
,,,,7,B,B,B,W,B,B,B,B,,
,,,,8,B,B,B,W,B,B,B,B,,
level,turn,available gate,victory condition,,,,,,,,,,,comment
0-3,1,H,All white,,,,,,,,,,,learn H_1
,,,,,1,2,3,4,5,6,7,8,,
,,,,1,W,W,W,W,W,W,W,W,,
,,,,2,W,W,W,W,W,W,W,W,,
,,,,3,W,W,W,W,W,W,W,W,,
,,,,4,W,W,W,+,+,W,W,W,,
,,,,5,W,W,W,+,+,W,W,W,,
,,,,6,W,W,W,W,W,W,W,W,,
,,,,7,W,W,W,W,W,W,W,W,,
,,,,8,W,W,W,W,W,W,W,W,,
level,turn,available gate,victory condition,,,,,,,,,,,comment
0-4,2,H,All white,,,,,,,,,,,learn H_2
,,,,,1,2,3,4,5,6,7,8,,
,,,,1,W,W,W,+,W,W,W,W,,
,,,,2,W,W,W,+,W,W,W,W,,
,,,,3,W,W,W,+,W,W,W,W,,
,,,,4,W,W,W,W,+,W,W,W,,
,,,,5,W,W,W,W,+,W,W,W,,
,,,,6,W,W,W,+,W,W,W,W,,
,,,,7,W,W,W,+,W,W,W,W,,
,,,,8,W,W,W,+,W,W,W,W,,
level,turn,available gate,victory condition,,,,,,,,,,,comment
0-5,2,H,All black,,,,,,,,,,,learn H_3
,,,,,1,2,3,4,5,6,7,8,,
,,,,1,B,B,B,B,B,B,B,B,,
,,,,2,B,B,B,B,B,B,B,B,,
,,,,3,B,B,-,-,B,B,B,B,,
,,,,4,B,B,-,B,-,B,B,B,,
,,,,5,B,B,B,-,-,B,B,B,,
,,,,6,B,B,B,B,B,B,B,B,,
,,,,7,B,B,B,B,B,B,B,B,,
,,,,8,B,B,B,B,B,B,B,B,,
level,turn,available gate,victory condition,,,,,,,,,,,comment
0-6,3,H/Z,All white,,,,,,,,,,,learn Z_1
,,,,,1,2,3,4,5,6,7,8,,
,,,,1,W,W,W,W,W,W,W,W,,
,,,,2,W,W,W,W,W,W,W,W,,
,,,,3,W,W,W,W,W,W,W,W,,
,,,,4,+,+,+,-,-,+,+,+,,
,,,,5,+,+,+,-,-,+,+,+,,
,,,,6,W,W,W,W,W,W,W,W,,
,,,,7,W,W,W,W,W,W,W,W,,
,,,,8,W,W,W,W,W,W,W,W,,
level,turn,available gate,victory condition,,,,,,,,,,,comment
0-7,2,H/Z,All black,,,,,,,,,,,learn Z_2
,,,,,1,2,3,4,5,6,7,8,,
,,,,1,B,B,B,B,B,B,B,B,,
,,,,2,B,B,B,B,B,B,B,B,,
,,,,3,B,B,B,B,B,B,B,B,,
,,,,4,-,-,-,+,+,-,-,-,,
,,,,5,B,B,B,B,B,B,B,B,,
,,,,6,B,B,B,B,B,B,B,B,,
,,,,7,B,B,B,B,B,B,B,B,,
,,,,8,B,B,B,B,B,B,B,B,,
level,turn,available gate,victory condition,,,,,,,,,,,comment
0-8,2,Y,All white,,,,,,,,,,,learn Y_1
,,,,,1,2,3,4,5,6,7,8,,
,,,,1,W,W,W,W,W,W,W,W,,
,,,,2,W,W,W,W,W,W,W,W,,
,,,,3,W,W,W,W,W,W,W,W,,
,,,,4,B,B,B,W,W,B,B,B,,
,,,,5,W,W,W,B,B,W,W,W,,
,,,,6,W,W,W,W,W,W,W,W,,
,,,,7,W,W,W,W,W,W,W,W,,
,,,,8,W,W,W,W,W,W,W,W,,
level,turn,available gate,victory condition,,,,,,,,,,,comment
0-9,2,H/Y,All white,,,,,,,,,,,learn Y_2
,,,,,1,2,3,4,5,6,7,8,,
,,,,1,W,W,W,W,W,W,W,W,,
,,,,2,W,W,W,W,W,W,W,W,,
,,,,3,W,W,W,W,W,W,W,W,,
,,,,4,+,+,+,-,-,+,+,+,,
,,,,5,W,W,W,B,B,W,W,W,,
,,,,6,W,W,W,W,W,W,W,W,,
,,,,7,W,W,W,W,W,W,W,W,,
,,,,8,W,W,W,W,W,W,W,W,,
level,turn,available gate,victory condition,,,,,,,,,,,comment
0-10,3,H/Y,All black,,,,,,,,,,,learn Y_3
,,,,,1,2,3,4,5,6,7,8,,
,,,,1,B,B,W,B,B,B,B,B,,
,,,,2,B,B,W,B,B,B,B,B,,
,,,,3,B,B,W,B,B,B,B,B,,
,,,,4,-,-,+,-,-,-,-,-,,
,,,,5,B,B,W,B,B,B,B,B,,
,,,,6,B,B,W,B,B,B,B,B,,
,,,,7,B,B,W,B,B,B,B,B,,
,,,,8,B,B,W,B,B,B,B,B,,
level,turn,available gate,victory condition,,,,,,,,,,,comment
0-11,4,H/Y,All black,,,,,,,,,,,
,,,,,1,2,3,4,5,6,7,8,,
,,,,1,B,B,B,B,B,B,B,B,,
,,,,2,B,B,B,B,B,B,B,B,,
,,,,3,B,B,W,W,B,B,B,B,,
,,,,4,B,B,W,+,-,B,B,B,,
,,,,5,B,B,B,-,+,W,B,B,,
,,,,6,B,B,B,B,W,W,B,B,,
,,,,7,B,B,B,B,B,B,B,B,,
,,,,8,B,B,B,B,B,B,B,B,,
level,turn,available gate,victory condition,,,,,,,,,,,comment
0-12,2,X/SWAP,All black,,,,,,,,,,,learn SWAP
,,,,,1,2,3,4,5,6,7,8,,
,,,,1,B,B,B,B,B,B,B,B,,
,,,,2,B,B,B,B,B,B,B,B,,
,,,,3,B,B,W,B,B,B,B,B,,
,,,,4,W,W,B,W,W,W,W,W,,
,,,,5,B,B,B,B,B,B,B,B,,
,,,,6,B,B,B,B,B,B,B,B,,
,,,,7,B,B,B,B,B,B,B,B,,
,,,,8,B,B,B,B,B,B,B,B,,
level,turn,available gate,victory condition,,,,,,,,,,,comment
0-13,3,Y/H/SWAP,All black,,,,,,,,,,,
,,,,,1,2,3,4,5,6,7,8,,
,,,,1,B,B,B,-,B,B,B,B,,
,,,,2,B,B,B,-,B,B,B,B,,
,,,,3,B,B,B,-,B,B,B,B,,
,,,,4,B,B,B,+,W,B,B,B,,
,,,,5,B,B,B,W,+,B,B,B,,
,,,,6,B,B,B,-,B,B,B,B,,
,,,,7,B,B,B,-,B,B,B,B,,
,,,,8,B,B,B,-,B,B,B,B,,
level,turn,available gate,victory condition,,,,,,,,,,,comment
0-14,1,CNOT,All black,,,,,,,,,,,learn CNOT
,,,,,1,2,3,4,5,6,7,8,,
,,,,1,B,B,B,B,B,B,B,B,,
,,,,2,B,B,B,B,B,B,B,B,,
,,,,3,B,B,B,B,B,B,B,B,,
,,,,4,B,B,B,W,B,B,B,B,,
,,,,5,B,B,B,B,B,B,B,B,,
,,,,6,B,B,B,B,B,B,B,B,,
,,,,7,B,B,B,B,B,B,B,B,,
,,,,8,B,B,B,B,B,B,B,B,,
level,turn,available gate,victory condition,,,,,,,,,,,comment
0-15,3,H/CNOT,All black,,,,,,,,,,,
,,,,,1,2,3,4,5,6,7,8,,
,,,,1,B,B,B,B,B,B,B,B,,
,,,,2,B,B,B,B,B,B,B,B,,
,,,,3,B,B,B,B,B,B,B,B,,
,,,,4,B,B,B,-,+,B,B,B,,
,,,,5,B,B,B,-,-,B,B,B,,
,,,,6,B,B,B,B,B,B,B,B,,
,,,,7,B,B,B,B,B,B,B,B,,
,,,,8,B,B,B,B,B,B,B,B,,
level,turn,available gate,victory condition,,,,,,,,,,,comment
1,1,X,All white,,,,,,,,,,,learn X
,,,,,1,2,3,4,5,6,7,8,,
,,,,1,W,W,W,B,W,W,W,W,,
,,,,2,W,W,W,B,W,W,W,W,,
,,,,3,W,W,W,B,W,W,W,W,,
,,,,4,W,W,W,B,W,W,W,W,,
,,,,5,B,B,B,W,B,B,B,B,,
,,,,6,W,W,W,B,W,W,W,W,,
,,,,7,W,W,W,B,W,W,W,W,,
,,,,8,W,W,W,B,W,W,W,W,,
level,turn,available gate,victory condition,,,,,,,,,,,comment
2,2,X,All white,,,,,,,,,,,learn X_3
,,,,,1,2,3,4,5,6,7,8,,
,,,,1,W,W,W,W,W,W,W,W,,
,,,,2,W,W,W,W,W,W,W,W,,
,,,,3,W,W,W,W,W,W,W,W,,
,,,,4,W,W,W,B,B,W,W,W,,
,,,,5,B,B,B,W,W,B,B,B,,
,,,,6,W,W,W,W,W,W,W,W,,
,,,,7,W,W,W,W,W,W,W,W,,
,,,,8,W,W,W,W,W,W,W,W,,
level,turn,available gate,victory condition,,,,,,,,,,,comment
3,2,H,All black,,,,,,,,,,,learn H
,,,,,1,2,3,4,5,6,7,8,,
,,,,1,B,B,B,-,B,B,B,B,,
,,,,2,B,B,B,-,B,B,B,B,,
,,,,3,B,B,B,-,B,B,B,B,,
,,,,4,B,B,B,-,B,B,B,B,,
,,,,5,-,-,-,B,-,-,-,-,,
,,,,6,B,B,B,-,B,B,B,B,,
,,,,7,B,B,B,-,B,B,B,B,,
,,,,8,B,B,B,-,B,B,B,B,,
level,turn,available gate,victory condition,,,,,,,,,,,comment
4,2,H,All white,,,,,,,,,,,learn H_1
,,,,,1,2,3,4,5,6,7,8,,
,,,,1,W,W,W,W,W,W,W,W,,
,,,,2,W,W,W,W,W,W,W,W,,
,,,,3,W,W,W,W,W,W,W,W,,
,,,,4,W,W,W,+,+,W,W,W,,
,,,,5,W,W,W,W,W,W,W,W,,
,,,,6,W,W,W,+,+,W,W,W,,
,,,,7,W,W,W,W,W,W,W,W,,
,,,,8,W,W,W,W,W,W,W,W,,
level,turn,available gate,victory condition,,,,,,,,,,,comment
5,2,X/H,All white,,,,,,,,,,,learn H_4
,,,,,1,2,3,4,5,6,7,8,,
,,,,1,W,W,W,B,W,W,W,W,,
,,,,2,W,W,W,B,W,W,W,W,,
,,,,3,W,W,W,B,W,W,W,W,,
,,,,4,+,+,+,-,+,+,+,+,,
,,,,5,W,W,W,B,W,W,W,W,,
,,,,6,W,W,W,B,W,W,W,W,,
,,,,7,W,W,W,B,W,W,W,W,,
,,,,8,W,W,W,B,W,W,W,W,,
level,turn,available gate,victory condition,,,,,,,,,,,comment
6,2,H/Z,All white,,,,,,,,,,,learn H_1
,,,,,1,2,3,4,5,6,7,8,,
,,,,1,W,W,W,W,W,W,W,W,,
,,,,2,W,W,W,W,W,W,W,W,,
,,,,3,W,W,W,W,W,W,W,W,,
,,,,4,W,W,W,-,+,W,W,W,,
,,,,5,W,W,W,+,+,W,W,W,,
,,,,6,W,W,W,W,W,W,W,W,,
,,,,7,W,W,W,W,W,W,W,W,,
,,,,8,W,W,W,W,W,W,W,W,,
level,turn,available gate,victory condition,,,,,,,,,,,comment
7,2,H/Z,All black,,,,,,,,,,,learn Z_3
,,,,,1,2,3,4,5,6,7,8,,
,,,,1,B,B,B,B,-,B,B,B,,
,,,,2,B,B,B,B,-,B,B,B,,
,,,,3,B,B,B,B,-,B,B,B,,
,,,,4,B,B,B,B,+,B,B,B,,
,,,,5,B,B,B,B,-,B,B,B,,
,,,,6,B,B,B,B,-,B,B,B,,
,,,,7,B,B,B,B,-,B,B,B,,
,,,,8,B,B,B,B,-,B,B,B,,
level,turn,available gate,victory condition,,,,,,,,,,,comment
8,2,H/Y,All black,,,,,,,,,,,learn Z_3
,,,,,1,2,3,4,5,6,7,8,,
,,,,1,B,B,B,B,B,B,B,B,,
,,,,2,B,B,B,B,B,B,B,B,,
,,,,3,B,B,B,B,B,B,B,B,,
,,,,4,B,B,W,W,B,B,B,B,,
,,,,5,B,B,W,+,-,B,B,B,,
,,,,6,B,B,B,-,-,B,B,B,,
,,,,7,B,B,B,B,B,B,B,B,,
,,,,8,B,B,B,B,B,B,B,B,,
level,turn,available gate,victory condition,,,,,,,,,,,comment
9,2,H/Y,All white,,,,,,,,,,,learn Y
,,,,,1,2,3,4,5,6,7,8,,
,,,,1,W,W,W,W,W,W,W,W,,
,,,,2,W,W,W,W,W,W,W,W,,
,,,,3,W,W,W,W,W,W,W,W,,
,,,,4,-,-,-,-,-,-,-,-,,
,,,,5,W,W,W,W,W,W,W,W,,
,,,,6,W,W,W,W,W,W,W,W,,
,,,,7,W,W,W,W,W,W,W,W,,
,,,,8,W,W,W,W,W,W,W,W,,
level,turn,available gate,victory condition,,,,,,,,,,,comment
10,2,H/Y,All white,,,,,,,,,,,learn H_1
,,,,,1,2,3,4,5,6,7,8,,
,,,,1,W,W,W,W,W,W,W,W,,
,,,,2,W,W,W,W,W,W,W,W,,
,,,,3,W,W,W,W,W,W,W,W,,
,,,,4,W,W,B,-,+,W,W,W,,
,,,,5,W,W,B,-,+,W,W,W,,
,,,,6,W,W,W,W,W,W,W,W,,
,,,,7,W,W,W,W,W,W,W,W,,
,,,,8,W,W,W,W,W,W,W,W,,
level,turn,available gate,victory condition,,,,,,,,,,,comment
11,3,H/Y/Z,All black,,,,,,,,,,,learn Z_3
,,,,,1,2,3,4,5,6,7,8,,
,,,,1,B,B,B,B,-,B,B,B,,
,,,,2,B,B,B,B,-,B,B,B,,
,,,,3,B,B,B,B,-,B,B,B,,
,,,,4,W,W,W,W,-,W,W,W,,
,,,,5,B,B,B,B,-,B,B,B,,
,,,,6,B,B,B,B,-,B,B,B,,
,,,,7,B,B,B,B,-,B,B,B,,
,,,,8,B,B,B,B,-,B,B,B,,
level,turn,available gate,victory condition,,,,,,,,,,,comment
12,3,H/Z,All white,,,,,,,,,,,learn H_1
,,,,,1,2,3,4,5,6,7,8,,
,,,,1,W,W,W,W,W,W,W,W,,
,,,,2,W,W,W,W,W,W,W,W,,
,,,,3,W,W,W,W,W,W,W,W,,
,,,,4,+,W,W,-,-,+,+,+,,
,,,,5,W,+,+,W,W,W,W,W,,
,,,,6,W,W,W,W,W,W,W,W,,
,,,,7,W,W,W,W,W,W,W,W,,
,,,,8,W,W,W,W,W,W,W,W,,
level,turn,available gate,victory condition,,,,,,,,,,,comment
13,3,H/Y,All black,,,,,,,,,,,learn Y_3
,,,,,1,2,3,4,5,6,7,8,,
,,,,1,B,B,B,B,B,B,B,B,,
,,,,2,B,B,B,B,B,B,B,B,,
,,,,3,B,B,W,W,B,B,B,B,,
,,,,4,-,-,+,-,+,-,-,-,,
,,,,5,B,B,B,W,W,B,B,B,,
,,,,6,B,B,B,B,B,B,B,B,,
,,,,7,B,B,B,B,B,B,B,B,,
,,,,8,B,B,B,B,B,B,B,B,,
level,turn,available gate,victory condition,,,,,,,,,,,comment
14,4,H/Z/Y,All white,,,,,,,,,,,learn Y_5
,,,,,1,2,3,4,5,6,7,8,,
,,,,1,W,W,W,-,W,+,W,W,,
,,,,2,W,W,W,-,W,+,W,W,,
,,,,3,W,W,W,-,W,+,W,W,,
,,,,4,B,B,B,+,B,-,B,B,,
,,,,5,W,W,W,-,W,+,W,W,,
,,,,6,W,W,W,-,W,+,W,W,,
,,,,7,W,W,W,-,W,+,W,W,,
,,,,8,W,W,W,-,W,+,W,W,,
level,turn,available gate,victory condition,,,,,,,,,,,comment
15,4,H/Y,All white,,,,,,,,,,,
,,,,,1,2,3,4,5,6,7,8,,
,,,,1,W,W,W,B,W,W,W,W,,
,,,,2,W,W,W,B,W,W,W,W,,
,,,,3,W,W,W,B,W,W,W,W,,
,,,,4,B,B,-,+,B,-,-,B,,
,,,,5,W,W,+,-,W,+,+,W,,
,,,,6,W,W,W,B,W,W,W,W,,
,,,,7,W,W,W,B,W,W,W,W,,
,,,,8,W,W,W,B,W,W,W,W,,
level,turn,available gate,victory condition,,,,,,,,,,,comment
16,2,H/X,All white,,,,,,,,,,,learn H_1
,,,,,1,2,3,4,5,6,7,8,,
,,,,1,W,W,W,B,W,W,W,W,,
,,,,2,W,W,W,B,W,W,W,W,,
,,,,3,W,W,W,B,W,W,W,W,,
,,,,4,W,W,W,-,+,W,W,W,,
,,,,5,W,W,W,-,+,W,W,W,,
,,,,6,W,W,W,B,W,W,W,W,,
,,,,7,W,W,W,B,W,W,W,W,,
,,,,8,W,W,W,B,W,W,W,W,,
level,turn,available gate,victory condition,,,,,,,,,,,comment
17,4,X/Z/H,All black,,,,,,,,,,,
,,,,,1,2,3,4,5,6,7,8,,
,,,,1,B,B,B,B,B,B,B,B,,
,,,,2,B,B,B,B,B,B,B,B,,
,,,,3,B,B,W,W,B,B,B,B,,
,,,,4,B,B,W,-,+,B,B,B,,
,,,,5,B,B,B,-,-,W,B,B,,
,,,,6,B,B,B,B,W,W,B,B,,
,,,,7,B,B,B,B,B,B,B,B,,
,,,,8,B,B,B,B,B,B,B,B,,
level,turn,available gate,victory condition,,,,,,,,,,,comment
18,2,X,All white,,,,,,,,,,,learn H_1
,,,,,1,2,3,4,5,6,7,8,,
,,,,1,W,W,W,W,W,W,W,W,,
,,,,2,W,W,W,W,W,W,W,W,,
,,,,3,W,W,W,W,W,W,W,W,,
,,,,4,W,W,B,W,B,W,W,W,,
,,,,5,W,W,B,W,B,W,W,W,,
,,,,6,W,W,W,W,W,W,W,W,,
,,,,7,W,W,W,W,W,W,W,W,,
,,,,8,W,W,W,W,W,W,W,W,,
level,turn,available gate,victory condition,,,,,,,,,,,comment
19,2,X/H,All black,,,,,,,,,,,
,,,,,1,2,3,4,5,6,7,8,,
,,,,1,B,B,B,B,B,B,B,B,,
,,,,2,B,B,B,B,B,B,B,B,,
,,,,3,B,B,B,B,B,B,B,B,,
,,,,4,B,B,W,-,-,B,B,B,,
,,,,5,B,B,W,-,-,B,B,B,,
,,,,6,B,B,B,B,B,B,B,B,,
,,,,7,B,B,B,B,B,B,B,B,,
,,,,8,B,B,B,B,B,B,B,B,,
level,turn,available gate,victory condition,,,,,,,,,,,comment
20,3,H/Y/SWAP,All white,,,,,,,,,,,
,,,,,1,2,3,4,5,6,7,8,,
,,,,1,W,W,W,B,W,W,W,W,,
,,,,2,W,W,W,B,W,W,W,W,,
,,,,3,W,W,W,B,W,W,W,W,,
,,,,4,+,+,+,W,+,+,+,+,,
,,,,5,W,W,W,B,-,W,W,W,,
,,,,6,W,W,W,B,W,W,W,W,,
,,,,7,W,W,W,B,W,W,W,W,,
,,,,8,W,W,W,B,W,W,W,W,,
level,turn,available gate,victory condition,,,,,,,,,,,comment
21,2,H/SWAP,All black,,,,,,,,,,,
,,,,,1,2,3,4,5,6,7,8,,
,,,,1,B,B,B,B,B,B,B,B,,
,,,,2,B,B,B,B,B,B,B,B,,
,,,,3,B,B,B,B,B,B,B,B,,
,,,,4,B,B,B,-,-,B,B,B,,
,,,,5,B,B,B,-,B,B,B,B,,
,,,,6,B,B,B,B,B,-,B,B,,
,,,,7,B,B,B,B,B,B,B,B,,
,,,,8,B,B,B,B,B,B,B,B,,
level,turn,available gate,victory condition,,,,,,,,,,,comment
22,3,X/CNOT,All white,,,,,,,,,,,
,,,,,1,2,3,4,5,6,7,8,,
,,,,1,W,W,W,B,W,W,W,W,,
,,,,2,W,W,W,B,W,W,W,W,,
,,,,3,W,W,W,B,W,W,W,W,,
,,,,4,B,B,B,B,B,B,B,B,,
,,,,5,W,W,W,B,W,W,W,W,,
,,,,6,W,W,W,B,W,W,W,W,,
,,,,7,W,W,W,B,W,W,W,W,,
,,,,8,W,W,W,B,W,W,W,W,,
level,turn,available gate,victory condition,,,,,,,,,,,comment
23,3,H/CNOT,All black,,,,,,,,,,,
,,,,,1,2,3,4,5,6,7,8,,
,,,,1,B,B,B,B,B,B,B,B,,
,,,,2,B,B,B,B,B,B,B,B,,
,,,,3,B,B,B,B,B,B,B,B,,
,,,,4,B,B,B,-,+,B,B,B,,
,,,,5,B,B,B,+,-,B,B,B,,
,,,,6,B,B,B,B,B,B,B,B,,
,,,,7,B,B,B,B,B,B,B,B,,
,,,,8,B,B,B,B,B,B,B,B,,
level,turn,available gate,victory condition,,,,,,,,,,,comment
24,5,H/X/Z,All white,,,,,,,,,,,
,,,,,1,2,3,4,5,6,7,8,,
,,,,1,W,W,W,W,W,W,W,W,,
,,,,2,W,W,W,W,W,W,W,W,,
,,,,3,W,W,B,B,W,W,W,W,,
,,,,4,W,W,B,B,B,W,W,W,,
,,,,5,W,W,W,B,B,B,W,W,,
,,,,6,W,W,W,W,B,B,W,W,,
,,,,7,W,W,W,W,W,W,W,W,,
,,,,8,W,W,W,W,W,W,W,W,,
level,turn,available gate,victory condition,,,,,,,,,,,comment
25,4,X/H/Z,All white,,,,,,,,,,,auto generated (N=4, central, overlap)
,,,,,1,2,3,4,5,6,7,8,,
,,,,1,W,W,B,W,W,W,W,W,,
,,,,2,W,W,B,W,W,W,W,W,,
,,,,3,W,W,B,W,W,W,W,W,,
,,,,4,W,W,B,W,W,W,W,W,,
,,,,5,W,W,B,W,W,W,W,W,,
,,,,6,-,-,-,-,-,+,+,-,,
,,,,7,W,W,B,W,W,W,W,W,,
,,,,8,W,W,B,W,W,W,W,W,,
level,turn,available gate,victory condition,,,,,,,,,,,comment
26,4,Z/H,All white,,,,,,,,,,,
,,,,,1,2,3,4,5,6,7,8,,
,,,,1,W,W,W,W,W,W,W,W,,
,,,,2,W,W,W,W,W,W,W,W,,
,,,,3,W,W,W,+,+,W,W,W,,
,,,,4,W,W,W,-,-,W,W,W,,
,,,,5,W,W,W,+,+,W,W,W,,
,,,,6,W,W,W,-,-,W,W,W,,
,,,,7,W,W,W,W,W,W,W,W,,
,,,,8,W,W,W,W,W,W,W,W,,
level,turn,available gate,victory condition,,,,,,,,,,,comment
27,3,X,All white,,,,,,,,,,,
,,,,,1,2,3,4,5,6,7,8,,
,,,,1,W,W,W,W,W,W,W,W,,
,,,,2,W,W,W,W,W,W,W,W,,
,,,,3,W,W,B,B,W,W,W,W,,
,,,,4,W,W,B,W,B,W,W,W,,
,,,,5,W,W,W,B,W,B,W,W,,
,,,,6,W,W,W,W,B,B,W,W,,
,,,,7,W,W,W,W,W,W,W,W,,
,,,,8,W,W,W,W,W,W,W,W,,
level,turn,available gate,victory condition,,,,,,,,,,,comment
28,5,H/X/Y,All white,,,,,,,,,,,
,,,,,1,2,3,4,5,6,7,8,,
,,,,1,W,W,W,W,W,W,W,W,,
,,,,2,W,W,W,W,W,W,W,W,,
,,,,3,W,W,B,B,+,+,W,W,,
,,,,4,W,W,B,W,-,+,W,W,,
,,,,5,W,W,+,-,W,B,W,W,,
,,,,6,W,W,+,+,B,B,W,W,,
,,,,7,W,W,W,W,W,W,W,W,,
,,,,8,W,W,W,W,W,W,W,W,,
level,turn,available gate,victory condition,,,,,,,,,,,comment
29,4,X,All white,,,,,,,,,,,
,,,,,1,2,3,4,5,6,7,8,,
,,,,1,W,W,W,W,W,W,W,W,,
,,,,2,W,W,W,W,W,W,W,W,,
,,,,3,W,W,B,W,B,W,W,W,,
,,,,4,W,W,W,W,W,W,W,W,,
,,,,5,W,W,B,W,B,W,W,W,,
,,,,6,W,W,W,W,W,W,W,W,,
,,,,7,W,W,W,W,W,W,W,W,,
,,,,8,W,W,W,W,W,W,W,W,,
level,turn,available gate,victory condition,,,,,,,,,,,comment
30,8,X,All white,,,,,,,,,,,
,,,,,1,2,3,4,5,6,7,8,,
,,,,1,W,W,W,B,B,W,W,W,,
,,,,2,W,W,W,B,B,W,W,W,,
,,,,3,W,W,B,W,W,B,W,W,,
,,,,4,B,B,W,B,B,W,B,B,,
,,,,5,B,B,W,B,B,W,B,B,,
,,,,6,W,W,B,W,W,B,W,W,,
,,,,7,W,W,W,B,B,W,W,W,,
,,,,8,W,W,W,B,B,W,W,W,,
level,turn,available gate,victory condition,,,,,,,,,,,comment
31,3,X/H,All white,,,,,,,,,,,
,,,,,1,2,3,4,5,6,7,8,,
,,,,1,W,W,W,W,W,W,W,W,,
,,,,2,W,W,W,W,W,W,W,W,,
,,,,3,W,W,W,B,B,W,W,W,,
,,,,4,W,W,W,+,+,W,W,W,,
,,,,5,W,W,W,-,-,W,W,W,,
,,,,6,W,W,W,B,B,W,W,W,,
,,,,7,W,W,W,W,W,W,W,W,,
,,,,8,W,W,W,W,W,W,W,W,,
level,turn,available gate,victory condition,,,,,,,,,,,comment
32,3,X/H,All white,,,,,,,,,,,auto generated (N=3, central, overlap)
,,,,,1,2,3,4,5,6,7,8,,
,,,,1,W,W,W,W,W,+,W,W,,
,,,,2,W,W,W,W,W,+,W,W,,
,,,,3,W,W,W,W,W,+,W,W,,
,,,,4,W,W,W,W,W,+,W,W,,
,,,,5,B,B,B,B,B,+,B,B,,
,,,,6,W,W,W,W,B,-,W,W,,
,,,,7,W,W,W,W,B,-,W,W,,
,,,,8,W,W,W,W,W,+,W,W,,
level,turn,available gate,victory condition,,,,,,,,,,,comment
33,3,H/Y,All black,,,,,,,,,,,
,,,,,1,2,3,4,5,6,7,8,,
,,,,1,B,B,B,-,B,B,B,B,,
,,,,2,B,B,B,-,B,B,B,B,,
,,,,3,B,B,B,-,B,B,B,B,,
,,,,4,B,B,B,B,-,B,B,B,,
,,,,5,W,W,W,W,+,W,W,W,,
,,,,6,B,B,B,-,B,B,B,B,,
,,,,7,B,B,B,-,B,B,B,B,,
,,,,8,B,B,B,-,B,B,B,B,,
level,turn,available gate,victory condition,,,,,,,,,,,comment
34,3,H/Y/Z,All white,,,,,,,,,,,auto generated (N=3, central, overlap)
,,,,,1,2,3,4,5,6,7,8,,
,,,,1,W,W,W,W,W,W,W,W,,
,,,,2,W,W,W,W,W,W,W,W,,
,,,,3,W,W,W,W,W,W,W,W,,
,,,,4,W,W,-,+,W,W,W,W,,
,,,,5,W,W,W,W,W,W,W,W,,
,,,,6,W,W,-,+,W,W,W,W,,
,,,,7,W,W,W,W,W,W,W,W,,
,,,,8,W,W,W,W,W,W,W,W,,
level,turn,available gate,victory condition,,,,,,,,,,,comment
35,3,X/H/Y/Z,All white,,,,,,,,,,,auto generated (N=3, central, overlap)
,,,,,1,2,3,4,5,6,7,8,,
,,,,1,W,W,W,W,W,+,W,W,,
,,,,2,W,W,W,W,W,+,W,W,,
,,,,3,W,W,W,W,W,+,W,W,,
,,,,4,W,W,W,W,W,+,W,W,,
,,,,5,-,-,-,-,-,W,-,-,,
,,,,6,W,W,W,W,W,+,W,W,,
,,,,7,W,W,W,W,W,+,W,W,,
,,,,8,W,W,W,W,W,+,W,W,,
level,turn,available gate,victory condition,,,,,,,,,,,comment
36,3,H/Y/Z/X,All white,,,,,,,,,,,auto generated (N=3, central, overlap)
,,,,,1,2,3,4,5,6,7,8,,
,,,,1,W,W,W,W,W,W,W,W,,
,,,,2,W,W,W,W,W,W,W,W,,
,,,,3,W,W,W,W,W,W,W,W,,
,,,,4,W,W,W,W,W,W,W,W,,
,,,,5,W,W,W,B,B,W,W,W,,
,,,,6,+,+,+,-,-,-,+,+,,
,,,,7,W,W,W,W,W,W,W,W,,
,,,,8,W,W,W,W,W,W,W,W,,
level,turn,available gate,victory condition,,,,,,,,,,,comment
37,3,X/H/Y/Z,All white,,,,,,,,,,,auto generated (N=3, central, overlap)
,,,,,1,2,3,4,5,6,7,8,,
,,,,1,W,W,B,W,W,W,W,W,,
,,,,2,W,W,B,W,W,W,W,W,,
,,,,3,W,W,B,W,W,W,W,W,,
,,,,4,W,W,B,W,W,W,W,W,,
,,,,5,+,+,-,-,+,+,+,+,,
,,,,6,W,W,B,W,W,W,W,W,,
,,,,7,W,W,B,W,W,W,W,W,,
,,,,8,W,W,B,W,W,W,W,W,,
level,turn,available gate,victory condition,,,,,,,,,,,comment
38,3,X/H/Y/Z,All white,,,,,,,,,,,auto generated (N=3, central, overlap)
,,,,,1,2,3,4,5,6,7,8,,
,,,,1,W,W,W,W,W,+,W,W,,
,,,,2,W,W,W,W,W,+,W,W,,
,,,,3,W,W,W,W,W,+,W,W,,
,,,,4,W,W,W,W,W,+,W,W,,
,,,,5,W,W,W,W,W,+,W,W,,
,,,,6,W,W,W,W,-,B,W,W,,
,,,,7,W,W,W,W,-,B,W,W,,
,,,,8,W,W,W,W,W,+,W,W,,
level,turn,available gate,victory condition,,,,,,,,,,,comment
39,3,X/H/Z/Y,All white,,,,,,,,,,,auto generated (N=3, central, overlap)
,,,,,1,2,3,4,5,6,7,8,,
,,,,1,W,W,W,W,+,W,W,W,,
,,,,2,W,W,W,W,+,W,W,W,,
,,,,3,W,W,W,W,+,W,W,W,,
,,,,4,W,W,W,W,+,W,W,W,,
,,,,5,B,B,B,B,+,B,B,B,,
,,,,6,B,B,B,B,-,B,B,B,,
,,,,7,W,W,W,W,+,W,W,W,,
,,,,8,W,W,W,W,+,W,W,W,,
level,turn,available gate,victory condition,,,,,,,,,,,comment
40,3,X/H/Y/Z,All white,,,,,,,,,,,auto generated (N=3, central, overlap)
,,,,,1,2,3,4,5,6,7,8,,
,,,,1,W,W,W,W,W,W,W,W,,
,,,,2,W,W,W,W,W,W,W,W,,
,,,,3,+,+,+,+,-,-,+,+,,
,,,,4,W,W,W,B,W,B,W,W,,
,,,,5,W,W,W,W,W,W,W,W,,
,,,,6,W,W,W,W,W,W,W,W,,
,,,,7,W,W,W,W,W,W,W,W,,
,,,,8,W,W,W,W,W,W,W,W,,
level,turn,available gate,victory condition,,,,,,,,,,,comment
41,3,X/H/Y/Z,All white,,,,,,,,,,,auto generated (N=3, central, overlap)
,,,,,1,2,3,4,5,6,7,8,,
,,,,1,W,W,B,W,W,W,W,W,,
,,,,2,W,W,B,W,W,W,W,W,,
,,,,3,W,W,B,W,W,W,W,W,,
,,,,4,W,W,B,W,W,W,W,W,,
,,,,5,+,+,-,+,+,+,+,+,,
,,,,6,B,B,W,B,B,B,B,B,,
,,,,7,W,W,B,W,W,W,W,W,,
,,,,8,W,W,B,W,W,W,W,W,,
level,turn,available gate,victory condition,,,,,,,,,,,comment
42,3,X/H/Y/Z,All white,,,,,,,,,,,auto generated (N=3, central, overlap)
,,,,,1,2,3,4,5,6,7,8,,
,,,,1,W,W,W,B,W,W,W,W,,
,,,,2,W,W,W,B,W,W,W,W,,
,,,,3,W,W,B,-,+,W,W,W,,
,,,,4,W,W,B,-,+,W,W,W,,
,,,,5,W,W,W,B,W,W,W,W,,
,,,,6,W,W,W,B,W,W,W,W,,
,,,,7,W,W,W,B,W,W,W,W,,
,,,,8,W,W,W,B,W,W,W,W,,
level,turn,available gate,victory condition,,,,,,,,,,,comment
43,3,X/H/Y/Z,All white,,,,,,,,,,,auto generated (N=3, central, overlap)
,,,,,1,2,3,4,5,6,7,8,,
,,,,1,W,W,B,W,W,W,W,W,,
,,,,2,W,W,B,W,W,W,W,W,,
,,,,3,+,+,-,+,+,+,+,+,,
,,,,4,W,W,B,W,W,W,W,W,,
,,,,5,W,W,B,W,W,W,W,W,,
,,,,6,+,+,-,+,+,+,+,+,,
,,,,7,W,W,B,W,W,W,W,W,,
,,,,8,W,W,B,W,W,W,W,W,,
level,turn,available gate,victory condition,,,,,,,,,,,comment
44,3,X/H/Y/Z,All black,,,,,,,,,,,auto generated (N=3, central, overlap)
,,,,,1,2,3,4,5,6,7,8,,
,,,,1,B,B,W,B,B,B,B,B,,
,,,,2,B,B,W,B,B,B,B,B,,
,,,,3,B,B,W,B,B,B,B,B,,
,,,,4,B,B,W,B,B,B,B,B,,
,,,,5,B,B,B,W,B,B,B,B,,
,,,,6,B,B,+,-,B,B,B,B,,
,,,,7,B,B,+,-,B,B,B,B,,
,,,,8,B,B,W,B,B,B,B,B,,
level,turn,available gate,victory condition,,,,,,,,,,,comment
45,3,X/H/Y/Z,All black,,,,,,,,,,,auto generated (N=3, central, overlap)
,,,,,1,2,3,4,5,6,7,8,,
,,,,1,B,B,B,B,-,B,B,B,,
,,,,2,B,B,B,B,-,B,B,B,,
,,,,3,B,B,B,B,-,B,B,B,,
,,,,4,B,B,B,B,-,B,B,B,,
,,,,5,B,B,B,B,+,W,B,B,,
,,,,6,-,-,-,-,W,+,-,-,,
,,,,7,B,B,B,B,-,B,B,B,,
,,,,8,B,B,B,B,-,B,B,B,,
level,turn,available gate,victory condition,,,,,,,,,,,comment
46,3,X/H/Y/Z,All black,,,,,,,,,,,auto generated (N=3, central, overlap)
,,,,,1,2,3,4,5,6,7,8,,
,,,,1,B,B,B,W,B,B,B,B,,
,,,,2,B,B,B,W,B,B,B,B,,
,,,,3,B,B,B,+,B,-,B,B,,
,,,,4,B,B,B,+,B,-,B,B,,
,,,,5,B,B,B,W,B,B,B,B,,
,,,,6,B,B,B,W,B,B,B,B,,
,,,,7,B,B,B,W,B,B,B,B,,
,,,,8,B,B,B,W,B,B,B,B,,
level,turn,available gate,victory condition,,,,,,,,,,,comment
47,3,X/H/Y/Z,All black,,,,,,,,,,,auto generated (N=3, central, overlap)
,,,,,1,2,3,4,5,6,7,8,,
,,,,1,B,B,B,-,B,B,B,B,,
,,,,2,B,B,B,-,B,B,B,B,,
,,,,3,B,B,B,B,-,B,B,B,,
,,,,4,B,B,B,B,-,B,B,B,,
,,,,5,B,B,B,+,B,B,B,B,,
,,,,6,B,B,B,-,B,B,B,B,,
,,,,7,B,B,B,-,B,B,B,B,,
,,,,8,B,B,B,-,B,B,B,B,,
level,turn,available gate,victory condition,,,,,,,,,,,comment
48,3,X/H/Y/Z,All black,,,,,,,,,,,auto generated (N=3, central, overlap)
,,,,,1,2,3,4,5,6,7,8,,
,,,,1,B,B,B,B,B,B,B,B,,
,,,,2,B,B,B,B,B,B,B,B,,
,,,,3,B,B,B,B,B,B,B,B,,
,,,,4,B,B,B,B,B,B,B,B,,
,,,,5,B,B,-,-,B,B,B,B,,
,,,,6,B,B,+,+,W,W,B,B,,
,,,,7,B,B,B,B,W,W,B,B,,
,,,,8,B,B,B,B,B,B,B,B,,
level,turn,available gate,victory condition,,,,,,,,,,,comment
49,3,X/H/Y/Z,All black,,,,,,,,,,,auto generated (N=3, central, overlap)
,,,,,1,2,3,4,5,6,7,8,,
,,,,1,B,B,W,B,B,B,B,B,,
,,,,2,B,B,W,B,B,B,B,B,,
,,,,3,B,B,W,B,B,B,B,B,,
,,,,4,B,B,-,-,B,B,B,B,,
,,,,5,B,B,+,+,B,B,B,B,,
,,,,6,B,B,B,W,B,B,B,B,,
,,,,7,B,B,W,B,B,B,B,B,,
,,,,8,B,B,W,B,B,B,B,B,,
level,turn,available gate,victory condition,,,,,,,,,,,comment
50,3,X/H/Y/Z,All black,,,,,,,,,,,auto generated (N=3, central, overlap)
,,,,,1,2,3,4,5,6,7,8,,
,,,,1,B,B,B,B,B,B,B,B,,
,,,,2,B,B,B,B,B,B,B,B,,
,,,,3,B,B,B,W,W,B,B,B,,
,,,,4,B,B,+,-,W,B,B,B,,
,,,,5,B,B,+,+,B,B,B,B,,
,,,,6,B,B,B,B,B,B,B,B,,
,,,,7,B,B,B,B,B,B,B,B,,
,,,,8,B,B,B,B,B,B,B,B,,
level,turn,available gate,victory condition,,,,,,,,,,,comment
51,3,X/H/Y/Z,All black,,,,,,,,,,,auto generated (N=3, central, overlap)
,,,,,1,2,3,4,5,6,7,8,,
,,,,1,B,B,B,B,B,-,B,B,,
,,,,2,B,B,B,B,B,-,B,B,,
,,,,3,B,B,B,B,B,B,-,B,,
,,,,4,B,B,B,B,B,B,-,B,,
,,,,5,B,B,B,B,B,+,W,B,,
,,,,6,B,B,B,B,B,+,W,B,,
,,,,7,B,B,B,B,B,-,B,B,,
,,,,8,B,B,B,B,B,-,B,B,,
level,turn,available gate,victory condition,,,,,,,,,,,comment
52,3,X/H/Y/Z,All black,,,,,,,,,,,auto generated (N=3, central, overlap)
,,,,,1,2,3,4,5,6,7,8,,
,,,,1,B,B,B,B,W,B,B,B,,
,,,,2,B,B,B,B,W,B,B,B,,
,,,,3,B,B,B,B,W,B,B,B,,
,,,,4,B,B,B,B,W,B,B,B,,
,,,,5,B,B,B,W,B,B,B,B,,
,,,,6,B,B,B,W,-,-,B,B,,
,,,,7,B,B,B,B,+,-,B,B,,
,,,,8,B,B,B,B,W,B,B,B,,
level,turn,available gate,victory condition,,,,,,,,,,,comment
53,3,X/H/Y/Z,All black,,,,,,,,,,,auto generated (N=3, central, overlap)
,,,,,1,2,3,4,5,6,7,8,,
,,,,1,B,B,B,B,B,B,B,B,,
,,,,2,B,B,B,B,B,B,B,B,,
,,,,3,B,B,B,B,W,B,W,B,,
,,,,4,-,-,-,-,+,+,-,-,,
,,,,5,B,B,B,B,B,B,B,B,,
,,,,6,B,B,B,B,B,B,B,B,,
,,,,7,B,B,B,B,B,B,B,B,,
,,,,8,B,B,B,B,B,B,B,B,,
level,turn,available gate,victory condition,,,,,,,,,,,comment
54,3,X/H/Y/Z,All black,,,,,,,,,,,auto generated (N=3, central, overlap)
,,,,,1,2,3,4,5,6,7,8,,
,,,,1,B,B,B,B,B,W,B,B,,
,,,,2,B,B,B,B,B,W,B,B,,
,,,,3,B,B,B,B,B,W,B,B,,
,,,,4,B,B,B,B,W,B,B,B,,
,,,,5,B,B,B,B,W,W,W,B,,
,,,,6,B,B,B,B,B,B,W,B,,
,,,,7,B,B,B,B,B,W,B,B,,
,,,,8,B,B,B,B,B,W,B,B,,
level,turn,available gate,victory condition,,,,,,,,,,,comment
55,3,X/H/Y/Z,All black,,,,,,,,,,,auto generated (N=3, central, overlap)
,,,,,1,2,3,4,5,6,7,8,,
,,,,1,B,B,B,B,B,B,B,B,,
,,,,2,B,B,B,B,B,B,B,B,,
,,,,3,B,B,B,B,B,B,B,B,,
,,,,4,B,B,B,B,W,W,B,B,,
,,,,5,B,B,B,B,B,B,B,B,,
,,,,6,B,B,B,B,W,B,W,B,,
,,,,7,B,B,B,B,B,W,W,B,,
,,,,8,B,B,B,B,B,B,B,B,,
level,turn,available gate,victory condition,,,,,,,,,,,comment
56,3,X/H/Y/Z,All black,,,,,,,,,,,auto generated (N=3, central, overlap)
,,,,,1,2,3,4,5,6,7,8,,
,,,,1,B,B,B,B,B,B,B,B,,
,,,,2,B,B,B,B,B,B,B,B,,
,,,,3,B,B,B,B,B,B,B,B,,
,,,,4,B,B,B,B,W,W,B,B,,
,,,,5,B,B,B,B,B,-,-,B,,
,,,,6,B,B,B,B,W,+,-,B,,
,,,,7,B,B,B,B,B,B,B,B,,
,,,,8,B,B,B,B,B,B,B,B,,
level,turn,available gate,victory condition,,,,,,,,,,,comment
57,3,X/H/Y/Z,All black,,,,,,,,,,,auto generated (N=3, central, overlap)
,,,,,1,2,3,4,5,6,7,8,,
,,,,1,B,B,B,B,W,B,B,B,,
,,,,2,B,B,B,B,W,B,B,B,,
,,,,3,B,B,B,B,W,B,B,B,,
,,,,4,B,B,W,W,W,B,B,B,,
,,,,5,B,B,W,+,+,B,B,B,,
,,,,6,B,B,B,-,+,B,B,B,,
,,,,7,B,B,B,B,W,B,B,B,,
,,,,8,B,B,B,B,W,B,B,B,,
level,turn,available gate,victory condition,,,,,,,,,,,comment
58,3,X/H/Y/Z,All black,,,,,,,,,,,auto generated (N=3, central, overlap)
,,,,,1,2,3,4,5,6,7,8,,
,,,,1,B,B,B,-,B,B,B,B,,
,,,,2,B,B,B,-,B,B,B,B,,
,,,,3,W,W,W,+,B,W,W,W,,
,,,,4,B,B,B,-,W,B,B,B,,
,,,,5,B,B,B,-,B,B,B,B,,
,,,,6,B,B,B,-,B,B,B,B,,
,,,,7,B,B,B,-,B,B,B,B,,
,,,,8,B,B,B,-,B,B,B,B,,
level,turn,available gate,victory condition,,,,,,,,,,,comment
59,3,X/H/Y/Z,All white,,,,,,,,,,,auto generated (N=4, central, overlap)
,,,,,1,2,3,4,5,6,7,8,,
,,,,1,W,W,W,W,B,W,W,W,,
,,,,2,W,W,W,W,B,W,W,W,,
,,,,3,W,W,W,W,B,W,W,W,,
,,,,4,W,W,W,W,B,W,W,W,,
,,,,5,W,W,W,W,B,W,W,W,,
,,,,6,B,B,B,B,W,+,+,B,,
,,,,7,W,W,W,W,B,+,+,W,,
,,,,8,W,W,W,W,B,W,W,W,,
level,turn,available gate,victory condition,,,,,,,,,,,comment
60,3,X/H/Y,All white,,,,,,,,,,,
,,,,,1,2,3,4,5,6,7,8,,
,,,,1,W,W,W,W,W,W,W,W,,
,,,,2,W,W,W,W,W,W,W,W,,
,,,,3,W,W,W,W,W,W,W,W,,
,,,,4,W,W,W,-,-,W,W,W,,
,,,,5,W,W,W,+,+,W,W,W,,
,,,,6,W,W,W,W,W,W,W,W,,
,,,,7,W,W,W,W,W,W,W,W,,
,,,,8,W,W,W,W,W,W,W,W,,
level,turn,available gate,victory condition,,,,,,,,,,,comment
61,3,X/H/Y/Z,All white,,,,,,,,,,,auto generated (N=5, central, overlap)
,,,,,1,2,3,4,5,6,7,8,,
,,,,1,W,W,W,W,W,W,W,W,,
,,,,2,W,W,W,W,W,W,W,W,,
,,,,3,W,W,W,W,W,W,W,W,,
,,,,4,W,W,W,W,W,W,W,W,,
,,,,5,W,W,W,W,W,+,+,W,,
,,,,6,W,W,W,W,+,B,-,W,,
,,,,7,W,W,W,W,+,+,W,W,,
,,,,8,W,W,W,W,W,W,W,W,,
level,turn,available gate,victory condition,,,,,,,,,,,comment
62,3,X/H/Y/Z/CNOT,All white,,,,,,,,,,,auto generated (N=3, central, overlap)
,,,,,1,2,3,4,5,6,7,8,,
,,,,1,W,W,W,W,W,W,W,W,,
,,,,2,W,W,W,W,W,W,W,W,,
,,,,3,W,W,B,B,W,W,W,W,,
,,,,4,W,W,W,B,W,W,W,W,,
,,,,5,W,W,W,W,B,W,W,W,,
,,,,6,W,W,W,W,W,W,W,W,,
,,,,7,W,W,W,W,W,W,W,W,,
,,,,8,W,W,W,W,W,W,W,W,,
level,turn,available gate,victory condition,,,,,,,,,,,comment
63,3,X/H/Y/Z/CNOT/SWAP,All black,,,,,,,,,,,auto generated (N=3, central, overlap)
,,,,,1,2,3,4,5,6,7,8,,
,,,,1,B,B,B,W,B,B,B,B,,
,,,,2,B,B,B,W,B,B,B,B,,
,,,,3,B,B,B,W,B,B,B,B,,
,,,,4,B,B,B,W,B,B,B,B,,
,,,,5,B,B,B,W,B,B,B,B,,
,,,,6,-,-,-,-,+,-,-,-,,
,,,,7,B,B,B,W,B,B,B,B,,
,,,,8,B,B,B,W,B,B,B,B,,
level,turn,available gate,victory condition,,,,,,,,,,,comment
64,3,X/H/Y/Z/CNOT/SWAP,All black,,,,,,,,,,,auto generated (N=3, central, overlap)
,,,,,1,2,3,4,5,6,7,8,,
,,,,1,B,B,W,B,B,B,B,B,,
,,,,2,B,B,W,B,B,B,B,B,,
,,,,3,B,B,W,W,B,B,B,B,,
,,,,4,B,B,B,B,B,B,B,B,,
,,,,5,B,B,B,W,B,B,B,B,,
,,,,6,B,B,W,B,B,B,B,B,,
,,,,7,B,B,W,B,B,B,B,B,,
,,,,8,B,B,W,B,B,B,B,B,,
level,turn,available gate,victory condition,,,,,,,,,,,comment
65,3,X/H/Y/Z/CNOT/SWAP,All black,,,,,,,,,,,auto generated (N=3, central, overlap)
,,,,,1,2,3,4,5,6,7,8,,
,,,,1,B,B,B,B,B,B,B,B,,
,,,,2,B,B,B,B,B,B,B,B,,
,,,,3,B,B,B,B,B,B,B,B,,
,,,,4,W,W,+,+,W,W,W,W,,
,,,,5,B,B,+,+,B,B,B,B,,
,,,,6,B,B,B,B,B,B,B,B,,
,,,,7,B,B,B,B,B,B,B,B,,
,,,,8,B,B,B,B,B,B,B,B,,
level,turn,available gate,victory condition,,,,,,,,,,,comment
66,3,X/H/Y/Z/CNOT/SWAP,All white,,,,,,,,,,,auto generated (N=3, central, overlap)
,,,,,1,2,3,4,5,6,7,8,,
,,,,1,W,W,W,W,W,W,W,W,,
,,,,2,W,W,W,W,W,W,W,W,,
,,,,3,W,W,W,W,W,W,W,W,,
,,,,4,W,W,W,W,W,W,W,W,,
,,,,5,W,W,W,W,W,W,W,W,,
,,,,6,+,+,-,+,-,+,+,+,,
,,,,7,W,W,W,B,B,W,W,W,,
,,,,8,W,W,W,W,W,W,W,W,,
level,turn,available gate,victory condition,,,,,,,,,,,comment
67,3,X/H/Y/Z/CNOT/SWAP,All white,,,,,,,,,,,auto generated (N=3, central, overlap)
,,,,,1,2,3,4,5,6,7,8,,
,,,,1,W,W,W,W,W,W,W,W,,
,,,,2,W,W,W,W,W,W,W,W,,
,,,,3,W,B,W,W,B,W,W,W,,
,,,,4,B,B,W,B,B,B,B,B,,
,,,,5,W,W,W,W,W,W,W,W,,
,,,,6,W,W,W,W,W,W,W,W,,
,,,,7,W,W,W,W,W,W,W,W,,
,,,,8,W,W,W,W,W,W,W,W,,
level,turn,available gate,victory condition,,,,,,,,,,,comment
68,3,X/H/Y/Z/CNOT/SWAP,All white,,,,,,,,,,,auto generated (N=3, central, overlap)
,,,,,1,2,3,4,5,6,7,8,,
,,,,1,W,W,B,W,W,W,W,W,,
,,,,2,W,W,B,W,W,W,W,W,,
,,,,3,W,W,B,W,W,W,W,W,,
,,,,4,+,+,-,+,+,+,+,+,,
,,,,5,W,W,B,W,W,W,W,W,,
,,,,6,+,+,-,+,+,+,+,+,,
,,,,7,W,W,B,W,W,W,W,W,,
,,,,8,W,W,B,W,W,W,W,W,,
level,turn,available gate,victory condition,,,,,,,,,,,comment
69,3,X/H/Y/Z/CNOT/SWAP,All white,,,,,,,,,,,auto generated (N=3, central, overlap)
,,,,,1,2,3,4,5,6,7,8,,
,,,,1,W,W,+,W,W,W,W,W,,
,,,,2,W,W,+,W,W,W,W,W,,
,,,,3,W,W,+,W,W,W,W,W,,
,,,,4,W,W,-,B,W,W,W,W,,
,,,,5,W,W,+,B,W,W,W,W,,
,,,,6,W,W,+,W,W,W,W,W,,
,,,,7,W,W,+,W,W,W,W,W,,
,,,,8,W,W,+,W,W,W,W,W,,
level,turn,available gate,victory condition,,,,,,,,,,,comment
70,3,X/H/Y/Z/CNOT/SWAP,All white,,,,,,,,,,,auto generated (N=3, central, overlap)
,,,,,1,2,3,4,5,6,7,8,,
,,,,1,W,W,W,W,W,W,W,W,,
,,,,2,W,W,W,W,W,W,W,W,,
,,,,3,W,W,W,W,W,W,W,W,,
,,,,4,W,W,W,W,W,W,W,W,,
,,,,5,W,W,W,W,+,-,B,W,,
,,,,6,W,W,W,B,-,-,B,W,,
,,,,7,W,W,W,B,B,W,W,W,,
,,,,8,W,W,W,W,W,W,W,W,,
level,turn,available gate,victory condition,,,,,,,,,,,comment
71,3,X/H/Y/Z/CNOT/SWAP,All white,,,,,,,,,,,auto generated (N=3, central, overlap)
,,,,,1,2,3,4,5,6,7,8,,
,,,,1,W,W,W,W,W,W,W,W,,
,,,,2,W,W,W,W,W,W,W,W,,
,,,,3,B,B,B,W,B,B,B,B,,
,,,,4,W,W,W,B,B,W,W,W,,
,,,,5,W,W,W,B,B,W,W,W,,
,,,,6,W,W,W,W,W,W,W,W,,
,,,,7,W,W,W,W,W,W,W,W,,
,,,,8,W,W,W,W,W,W,W,W,,
level,turn,available gate,victory condition,,,,,,,,,,,comment
72,3,X/H/Y/Z/CNOT/SWAP,All white,,,,,,,,,,,auto generated (N=3, central, overlap)
,,,,,1,2,3,4,5,6,7,8,,
,,,,1,W,W,W,W,+,W,W,W,,
,,,,2,W,W,W,W,+,W,W,W,,
,,,,3,W,W,W,B,+,W,W,W,,
,,,,4,W,W,W,+,B,W,W,W,,
,,,,5,W,W,W,+,W,W,W,W,,
,,,,6,W,W,W,W,+,W,W,W,,
,,,,7,W,W,W,W,+,W,W,W,,
,,,,8,W,W,W,W,+,W,W,W,,
level,turn,available gate,victory condition,,,,,,,,,,,comment
73,3,X/H/Y/Z/CNOT/SWAP,All white,,,,,,,,,,,auto generated (N=3, central, overlap)
,,,,,1,2,3,4,5,6,7,8,,
,,,,1,W,W,W,W,B,W,W,W,,
,,,,2,W,W,W,B,B,W,W,W,,
,,,,3,W,W,W,W,W,W,W,W,,
,,,,4,W,W,W,W,B,W,W,W,,
,,,,5,W,W,W,W,B,W,W,W,,
,,,,6,W,W,W,W,B,B,W,W,,
,,,,7,W,W,W,W,B,W,W,W,,
,,,,8,W,W,W,W,B,W,W,W,,
level,turn,available gate,victory condition,,,,,,,,,,,comment
74,3,X/H/Y/Z/CNOT/SWAP,All white,,,,,,,,,,,auto generated (N=3, central, overlap)
,,,,,1,2,3,4,5,6,7,8,,
,,,,1,W,W,W,W,W,W,W,W,,
,,,,2,W,W,W,W,W,W,W,W,,
,,,,3,W,W,W,B,W,W,W,W,,
,,,,4,W,W,W,B,B,W,W,W,,
,,,,5,W,W,W,B,W,B,W,W,,
,,,,6,W,W,W,W,B,B,W,W,,
,,,,7,W,W,W,W,W,W,W,W,,
,,,,8,W,W,W,W,W,W,W,W,,
level,turn,available gate,victory condition,,,,,,,,,,,comment
75,3,X/H/Y/Z/CNOT/SWAP,All white,,,,,,,,,,,auto generated (N=3, central, overlap)
,,,,,1,2,3,4,5,6,7,8,,
,,,,1,W,W,B,W,W,W,W,W,,
,,,,2,W,W,B,W,W,W,W,W,,
,,,,3,B,W,W,B,B,B,B,B,,
,,,,4,W,W,B,W,W,W,W,W,,
,,,,5,W,W,B,W,W,W,W,W,,
,,,,6,W,W,B,W,W,W,W,W,,
,,,,7,W,W,B,W,W,W,W,W,,
,,,,8,W,W,B,W,W,W,W,W,,
level,turn,available gate,victory condition,,,,,,,,,,,comment
76,3,X/H/Y/Z/CNOT/SWAP,All white,,,,,,,,,,,auto generated (N=4, central, overlap)
,,,,,1,2,3,4,5,6,7,8,,
,,,,1,W,W,W,W,W,W,W,W,,
,,,,2,W,W,W,W,W,W,W,W,,
,,,,3,W,W,W,W,W,W,W,W,,
,,,,4,W,W,W,W,W,W,W,W,,
,,,,5,W,W,W,W,W,W,W,W,,
,,,,6,W,W,W,W,+,+,B,W,,
,,,,7,W,W,W,W,+,-,B,W,,
,,,,8,W,W,W,W,W,W,W,W,,
level,turn,available gate,victory condition,,,,,,,,,,,comment
77,3,X/H/Y/Z/CNOT/SWAP,All white,,,,,,,,,,,auto generated (N=4, central, overlap)
,,,,,1,2,3,4,5,6,7,8,,
,,,,1,W,W,W,W,W,W,W,W,,
,,,,2,W,W,W,W,W,W,W,W,,
,,,,3,B,B,B,B,B,W,B,B,,
,,,,4,W,W,W,W,W,B,B,W,,
,,,,5,W,W,W,W,W,W,W,W,,
,,,,6,W,W,W,W,W,W,W,W,,
,,,,7,W,W,W,W,W,W,W,W,,
,,,,8,W,W,W,W,W,W,W,W,,
level,turn,available gate,victory condition,,,,,,,,,,,comment
78,3,X/H/Y/Z/CNOT/SWAP,All black,,,,,,,,,,,auto generated (N=4, central, overlap)
,,,,,1,2,3,4,5,6,7,8,,
,,,,1,B,B,B,B,B,B,B,B,,
,,,,2,B,B,B,B,B,B,B,B,,
,,,,3,B,B,B,B,B,W,B,B,,
,,,,4,B,B,B,B,W,W,B,B,,
,,,,5,W,W,W,W,W,W,W,W,,
,,,,6,B,B,B,B,B,B,B,B,,
,,,,7,B,B,B,B,B,B,B,B,,
,,,,8,B,B,B,B,B,B,B,B,,
level,turn,available gate,victory condition,,,,,,,,,,,comment
79,3,X/H/Y/CNOT/SWAP/Z,All white,,,,,,,,,,,auto generated (N=5, central, overlap)
,,,,,1,2,3,4,5,6,7,8,,
,,,,1,W,W,W,W,W,W,W,W,,
,,,,2,W,W,W,W,W,W,W,W,,
,,,,3,W,W,W,W,W,W,W,W,,
,,,,4,W,W,W,W,W,W,W,W,,
,,,,5,W,W,W,B,W,W,W,W,,
,,,,6,W,W,W,W,B,B,B,W,,
,,,,7,W,W,W,W,B,W,W,W,,
,,,,8,W,W,W,W,W,W,W,W,,
level,turn,available gate,victory condition,,,,,,,,,,,comment
80,4,X,All white,,,,,,,,,,,auto generated (N=4, central, overlap)
,,,,,1,2,3,4,5,6,7,8,,
,,,,1,W,W,W,W,W,W,W,W,,
,,,,2,W,W,W,W,W,W,W,W,,
,,,,3,B,B,B,B,W,W,B,B,,
,,,,4,W,W,W,B,W,B,W,W,,
,,,,5,W,W,W,B,W,B,W,W,,
,,,,6,W,W,W,W,B,B,W,W,,
,,,,7,W,W,W,W,W,W,W,W,,
,,,,8,W,W,W,W,W,W,W,W,,
level,turn,available gate,victory condition,,,,,,,,,,,comment
81,4,X,All black,,,,,,,,,,,auto generated (N=4, central, overlap)
,,,,,1,2,3,4,5,6,7,8,,
,,,,1,B,B,B,B,W,B,B,B,,
,,,,2,B,B,B,B,W,B,B,B,,
,,,,3,B,B,B,B,W,B,B,B,,
,,,,4,W,W,W,W,B,B,B,W,,
,,,,5,B,B,B,B,B,B,W,B,,
,,,,6,B,B,B,B,B,W,B,B,,
,,,,7,B,B,B,B,W,B,B,B,,
,,,,8,B,B,B,B,W,B,B,B,,
level,turn,available gate,victory condition,,,,,,,,,,,comment
82,4,X/H,All white,,,,,,,,,,,auto generated (N=4, central, overlap)
,,,,,1,2,3,4,5,6,7,8,,
,,,,1,W,W,W,+,W,B,W,W,,
,,,,2,W,W,W,+,W,B,W,W,,
,,,,3,W,W,W,+,W,B,W,W,,
,,,,4,W,W,W,+,W,B,W,W,,
,,,,5,+,+,+,B,+,+,+,+,,
,,,,6,W,W,W,+,B,B,W,W,,
,,,,7,W,W,W,+,W,B,W,W,,
,,,,8,W,W,W,+,W,B,W,W,,
level,turn,available gate,victory condition,,,,,,,,,,,comment
83,4,X/H,All white,,,,,,,,,,,auto generated (N=4, central, overlap)
,,,,,1,2,3,4,5,6,7,8,,
,,,,1,W,W,W,B,W,W,W,W,,
,,,,2,W,W,W,B,W,W,W,W,,
,,,,3,+,+,+,-,+,+,+,+,,
,,,,4,W,W,W,B,W,W,W,W,,
,,,,5,B,B,B,W,B,B,B,B,,
,,,,6,+,+,+,-,+,+,+,+,,
,,,,7,W,W,W,B,W,W,W,W,,
,,,,8,W,W,W,B,W,W,W,W,,
level,turn,available gate,victory condition,,,,,,,,,,,comment
84,4,X/H,All white,,,,,,,,,,,auto generated (N=4, central, overlap)
,,,,,1,2,3,4,5,6,7,8,,
,,,,1,W,W,B,W,B,W,W,W,,
,,,,2,W,W,B,W,B,W,W,W,,
,,,,3,W,W,B,W,B,W,W,W,,
,,,,4,W,W,B,W,B,W,W,W,,
,,,,5,W,W,B,W,B,W,W,W,,
,,,,6,B,B,W,-,+,B,B,B,,
,,,,7,W,W,B,+,-,W,W,W,,
,,,,8,W,W,B,W,B,W,W,W,,
level,turn,available gate,victory condition,,,,,,,,,,,comment
85,4,H/Y,All white,,,,,,,,,,,auto generated (N=4, central, overlap)
,,,,,1,2,3,4,5,6,7,8,,
,,,,1,W,W,W,W,W,W,W,W,,
,,,,2,W,W,W,W,W,W,W,W,,
,,,,3,W,W,W,W,W,W,W,W,,
,,,,4,W,W,W,W,B,B,W,W,,
,,,,5,+,+,+,-,+,-,+,+,,
,,,,6,B,B,B,W,W,B,B,B,,
,,,,7,W,W,W,W,W,W,W,W,,
,,,,8,W,W,W,W,W,W,W,W,,
level,turn,available gate,victory condition,,,,,,,,,,,comment
86,4,X/H,All white,,,,,,,,,,,auto generated (N=4, central, overlap)
,,,,,1,2,3,4,5,6,7,8,,
,,,,1,W,W,W,W,W,B,W,W,,
,,,,2,W,W,W,W,W,B,W,W,,
,,,,3,W,W,W,W,B,W,W,W,,
,,,,4,W,W,W,W,B,W,W,W,,
,,,,5,B,B,B,B,+,-,B,B,,
,,,,6,W,W,W,W,+,-,W,W,,
,,,,7,W,W,W,W,W,B,W,W,,
,,,,8,W,W,W,W,W,B,W,W,,
level,turn,available gate,victory condition,,,,,,,,,,,comment
87,4,X/H,All white,,,,,,,,,,,auto generated (N=4, central, overlap)
,,,,,1,2,3,4,5,6,7,8,,
,,,,1,W,W,W,W,+,W,W,W,,
,,,,2,W,W,W,W,+,W,W,W,,
,,,,3,W,W,W,W,+,W,W,W,,
,,,,4,W,W,W,W,+,W,W,W,,
,,,,5,W,W,W,W,+,W,W,W,,
,,,,6,W,W,W,B,+,W,B,W,,
,,,,7,W,W,W,B,+,W,B,W,,
,,,,8,W,W,W,W,+,W,W,W,,
level,turn,available gate,victory condition,,,,,,,,,,,comment
88,4,H/Y/Z,All white,,,,,,,,,,,auto generated (N=4, central, overlap)
,,,,,1,2,3,4,5,6,7,8,,
,,,,1,W,W,W,W,+,W,W,W,,
,,,,2,W,W,W,W,+,W,W,W,,
,,,,3,W,W,W,W,+,W,W,W,,
,,,,4,W,W,W,+,W,W,W,W,,
,,,,5,B,B,B,-,B,B,B,B,,
,,,,6,W,W,W,B,-,W,W,W,,
,,,,7,W,W,W,B,-,W,W,W,,
,,,,8,W,W,W,W,+,W,W,W,,
level,turn,available gate,victory condition,,,,,,,,,,,comment
89,4,X/H/Y,All white,,,,,,,,,,,auto generated (N=4, central, overlap)
,,,,,1,2,3,4,5,6,7,8,,
,,,,1,W,W,W,B,+,W,W,W,,
,,,,2,W,W,W,B,+,W,W,W,,
,,,,3,W,W,W,W,-,W,W,W,,
,,,,4,W,W,W,W,-,W,W,W,,
,,,,5,B,B,B,W,-,B,B,B,,
,,,,6,W,W,W,B,+,W,W,W,,
,,,,7,W,W,W,B,+,W,W,W,,
,,,,8,W,W,W,B,+,W,W,W,,
level,turn,available gate,victory condition,,,,,,,,,,,comment
90,4,X/Y/Z/H,All white,,,,,,,,,,,
,,,,,1,2,3,4,5,6,7,8,,
,,,,1,W,W,W,W,W,W,W,W,,
,,,,2,W,W,W,W,W,W,W,W,,
,,,,3,W,W,W,W,W,W,W,W,,
,,,,4,W,W,B,-,+,B,W,W,,
,,,,5,W,W,B,+,-,B,W,W,,
,,,,6,W,W,W,W,W,W,W,W,,
,,,,7,W,W,W,W,W,W,W,W,,
,,,,8,W,W,W,W,W,W,W,W,,
level,turn,available gate,victory condition,,,,,,,,,,,comment
91,4,X/H/Y,All white,,,,,,,,,,,auto generated (N=4, central, overlap)
,,,,,1,2,3,4,5,6,7,8,,
,,,,1,W,W,B,W,W,W,W,W,,
,,,,2,W,W,B,W,W,W,W,W,,
,,,,3,W,W,B,W,W,W,W,W,,
,,,,4,W,W,W,B,W,W,W,W,,
,,,,5,W,W,-,-,W,W,W,W,,
,,,,6,B,B,+,+,B,B,B,B,,
,,,,7,W,W,B,W,W,W,W,W,,
,,,,8,W,W,B,W,W,W,W,W,,
level,turn,available gate,victory condition,,,,,,,,,,,comment
92,4,X/H/Y/Z,All white,,,,,,,,,,,auto generated (N=4, central, overlap)
,,,,,1,2,3,4,5,6,7,8,,
,,,,1,W,W,W,W,+,W,W,W,,
,,,,2,W,W,W,W,+,W,W,W,,
,,,,3,W,W,W,B,-,W,W,W,,
,,,,4,W,W,W,+,B,W,W,W,,
,,,,5,W,W,W,-,W,W,W,W,,
,,,,6,W,W,W,W,+,W,W,W,,
,,,,7,W,W,W,W,+,W,W,W,,
,,,,8,W,W,W,W,+,W,W,W,,
level,turn,available gate,victory condition,,,,,,,,,,,comment
93,4,X/H/Y/Z,All white,,,,,,,,,,,auto generated (N=4, central, overlap)
,,,,,1,2,3,4,5,6,7,8,,
,,,,1,W,W,W,W,W,W,W,W,,
,,,,2,W,W,W,W,W,W,W,W,,
,,,,3,W,W,W,W,W,W,W,W,,
,,,,4,W,W,W,W,W,W,W,W,,
,,,,5,W,W,W,W,W,W,W,W,,
,,,,6,W,W,W,W,W,B,W,W,,
,,,,7,W,W,W,W,B,W,W,W,,
,,,,8,W,W,W,W,W,W,W,W,,
level,turn,available gate,victory condition,,,,,,,,,,,comment
94,4,X/H/Y/Z,All white,,,,,,,,,,,auto generated (N=4, central, overlap)
,,,,,1,2,3,4,5,6,7,8,,
,,,,1,W,W,W,+,W,W,W,W,,
,,,,2,W,W,W,+,W,W,W,W,,
,,,,3,W,W,W,+,W,W,W,W,,
,,,,4,W,W,W,+,W,W,W,W,,
,,,,5,+,+,+,+,W,+,+,+,,
,,,,6,W,W,W,B,-,W,W,W,,
,,,,7,W,W,W,-,B,W,W,W,,
,,,,8,W,W,W,+,W,W,W,W,,
level,turn,available gate,victory condition,,,,,,,,,,,comment
95,4,X/H/Y/Z,All white,,,,,,,,,,,auto generated (N=4, central, overlap)
,,,,,1,2,3,4,5,6,7,8,,
,,,,1,W,W,W,W,B,W,W,W,,
,,,,2,W,W,W,W,B,W,W,W,,
,,,,3,W,W,W,W,B,W,W,W,,
,,,,4,W,W,W,W,B,W,W,W,,
,,,,5,W,W,W,B,W,W,W,W,,
,,,,6,W,W,-,-,W,W,W,W,,
,,,,7,W,W,-,+,B,W,W,W,,
,,,,8,W,W,W,W,B,W,W,W,,
level,turn,available gate,victory condition,,,,,,,,,,,comment
96,4,X/H/Y/Z,All white,,,,,,,,,,,auto generated (N=4, central, overlap)
,,,,,1,2,3,4,5,6,7,8,,
,,,,1,W,W,W,W,W,-,W,W,,
,,,,2,W,W,W,W,W,-,W,W,,
,,,,3,W,W,W,W,B,+,W,W,,
,,,,4,W,W,W,B,W,+,W,W,,
,,,,5,W,W,W,B,B,-,W,W,,
,,,,6,W,W,W,W,W,-,W,W,,
,,,,7,W,W,W,W,W,-,W,W,,
,,,,8,W,W,W,W,W,-,W,W,,
level,turn,available gate,victory condition,,,,,,,,,,,comment
97,4,X/H/Y/Z,All white,,,,,,,,,,,auto generated (N=4, central, overlap)
,,,,,1,2,3,4,5,6,7,8,,
,,,,1,W,W,W,W,W,W,W,W,,
,,,,2,W,W,W,W,W,W,W,W,,
,,,,3,W,W,W,W,W,W,W,W,,
,,,,4,W,W,W,W,W,W,W,W,,
,,,,5,W,W,W,W,+,+,W,W,,
,,,,6,-,-,-,-,W,B,-,-,,
,,,,7,W,W,W,W,W,B,B,W,,
,,,,8,W,W,W,W,W,W,W,W,,
level,turn,available gate,victory condition,,,,,,,,,,,comment
98,4,X/H/Y/Z,All white,,,,,,,,,,,auto generated (N=4, central, overlap)
,,,,,1,2,3,4,5,6,7,8,,
,,,,1,W,W,W,W,+,B,W,W,,
,,,,2,W,W,W,W,+,B,W,W,,
,,,,3,W,W,W,W,+,B,W,W,,
,,,,4,W,W,W,W,+,B,W,W,,
,,,,5,W,W,W,W,+,B,W,W,,
,,,,6,W,W,W,W,B,+,W,W,,
,,,,7,W,W,W,W,B,+,W,W,,
,,,,8,W,W,W,W,+,B,W,W,,
level,turn,available gate,victory condition,,,,,,,,,,,comment
99,4,X/H/Y/Z,All white,,,,,,,,,,,auto generated (N=4, central, overlap)
,,,,,1,2,3,4,5,6,7,8,,
,,,,1,W,W,W,W,W,W,W,W,,
,,,,2,W,W,W,W,W,W,W,W,,
,,,,3,B,B,W,W,B,-,-,B,,
,,,,4,W,W,-,-,W,+,+,W,,
,,,,5,W,W,+,+,W,W,W,W,,
,,,,6,W,W,W,W,W,W,W,W,,
,,,,7,W,W,W,W,W,W,W,W,,
,,,,8,W,W,W,W,W,W,W,W,,
level,turn,available gate,victory condition,,,,,,,,,,,comment
100,4,X/H/Y/Z,All white,,,,,,,,,,,auto generated (N=4, central, overlap)
,,,,,1,2,3,4,5,6,7,8,,
,,,,1,W,W,W,+,W,W,W,W,,
,,,,2,W,W,W,+,W,W,W,W,,
,,,,3,W,W,W,+,W,W,W,W,,
,,,,4,B,B,B,+,B,B,B,B,,
,,,,5,B,B,B,-,W,W,B,B,,
,,,,6,W,W,W,+,B,B,W,W,,
,,,,7,W,W,W,+,W,W,W,W,,
,,,,8,W,W,W,+,W,W,W,W,,
level,turn,available gate,victory condition,,,,,,,,,,,comment
101,4,X/H/Y/Z,All black,,,,,,,,,,,auto generated (N=4, central, overlap)
,,,,,1,2,3,4,5,6,7,8,,
,,,,1,B,B,B,B,B,B,B,B,,
,,,,2,B,B,B,B,B,B,B,B,,
,,,,3,B,B,B,B,B,B,B,B,,
,,,,4,B,B,B,B,B,B,B,B,,
,,,,5,-,-,-,-,-,-,-,-,,
,,,,6,W,W,W,B,B,B,B,W,,
,,,,7,B,B,B,B,B,B,B,B,,
,,,,8,B,B,B,B,B,B,B,B,,
level,turn,available gate,victory condition,,,,,,,,,,,comment
102,4,X/H/Y/Z,All black,,,,,,,,,,,auto generated (N=4, central, overlap)
,,,,,1,2,3,4,5,6,7,8,,
,,,,1,B,B,B,B,B,+,B,B,,
,,,,2,B,B,B,B,B,+,B,B,,
,,,,3,B,B,B,B,B,+,B,B,,
,,,,4,B,B,B,B,B,+,B,B,,
,,,,5,B,B,B,B,B,+,B,B,,
,,,,6,W,W,W,W,-,B,W,W,,
,,,,7,B,B,B,B,-,W,B,B,,
,,,,8,B,B,B,B,B,+,B,B,,
level,turn,available gate,victory condition,,,,,,,,,,,comment
103,4,X/H/Y/Z,All black,,,,,,,,,,,auto generated (N=4, central, overlap)
,,,,,1,2,3,4,5,6,7,8,,
,,,,1,B,B,B,B,B,W,B,B,,
,,,,2,B,B,B,B,B,W,B,B,,
,,,,3,-,-,-,-,-,+,-,-,,
,,,,4,B,B,W,W,-,+,B,B,,
,,,,5,B,B,B,B,-,+,B,B,,
,,,,6,B,B,B,B,B,W,B,B,,
,,,,7,B,B,B,B,B,W,B,B,,
,,,,8,B,B,B,B,B,W,B,B,,
level,turn,available gate,victory condition,,,,,,,,,,,comment
104,4,X/H/Y/Z,All black,,,,,,,,,,,auto generated (N=4, central, overlap)
,,,,,1,2,3,4,5,6,7,8,,
,,,,1,B,B,W,B,B,B,B,B,,
,,,,2,B,B,W,B,B,B,B,B,,
,,,,3,-,-,-,+,-,-,-,-,,
,,,,4,B,B,B,W,B,B,B,B,,
,,,,5,B,B,B,W,B,B,B,B,,
,,,,6,B,B,B,W,B,B,B,B,,
,,,,7,B,B,W,B,B,B,B,B,,
,,,,8,B,B,W,B,B,B,B,B,,
level,turn,available gate,victory condition,,,,,,,,,,,comment
105,4,X/H/Y/Z,All black,,,,,,,,,,,auto generated (N=4, central, overlap)
,,,,,1,2,3,4,5,6,7,8,,
,,,,1,B,B,B,B,-,B,B,B,,
,,,,2,B,B,B,B,-,B,B,B,,
,,,,3,B,B,B,B,+,B,B,B,,
,,,,4,W,W,W,W,+,W,W,W,,
,,,,5,B,B,B,B,-,B,B,B,,
,,,,6,B,B,B,W,+,B,B,B,,
,,,,7,B,B,B,W,+,B,B,B,,
,,,,8,B,B,B,B,-,B,B,B,,
level,turn,available gate,victory condition,,,,,,,,,,,comment
106,4,X/H/Y/Z,All black,,,,,,,,,,,auto generated (N=4, central, overlap)
,,,,,1,2,3,4,5,6,7,8,,
,,,,1,B,B,B,B,B,B,B,B,,
,,,,2,B,B,B,B,B,B,B,B,,
,,,,3,B,B,B,B,B,B,B,B,,
,,,,4,B,B,B,B,B,B,B,B,,
,,,,5,B,B,B,B,B,W,W,B,,
,,,,6,-,-,+,-,+,-,+,-,,
,,,,7,B,B,B,B,B,B,B,B,,
,,,,8,B,B,B,B,B,B,B,B,,
level,turn,available gate,victory condition,,,,,,,,,,,comment
107,4,X/H/Y/Z,All black,,,,,,,,,,,auto generated (N=4, central, overlap)
,,,,,1,2,3,4,5,6,7,8,,
,,,,1,B,B,B,+,B,B,B,B,,
,,,,2,B,B,B,+,B,B,B,B,,
,,,,3,B,B,W,+,B,B,B,B,,
,,,,4,B,B,W,+,B,B,B,B,,
,,,,5,B,B,B,-,W,B,B,B,,
,,,,6,B,B,B,-,W,B,B,B,,
,,,,7,B,B,B,+,B,B,B,B,,
,,,,8,B,B,B,+,B,B,B,B,,
level,turn,available gate,victory condition,,,,,,,,,,,comment
108,4,X/H/Y/Z,All black,,,,,,,,,,,auto generated (N=4, central, overlap)
,,,,,1,2,3,4,5,6,7,8,,
,,,,1,B,B,-,B,B,B,B,B,,
,,,,2,B,B,-,B,B,B,B,B,,
,,,,3,B,B,-,B,B,B,B,B,,
,,,,4,-,-,W,-,-,-,-,-,,
,,,,5,W,W,+,W,W,W,W,W,,
,,,,6,B,B,-,B,B,B,B,B,,
,,,,7,B,B,-,B,B,B,B,B,,
,,,,8,B,B,-,B,B,B,B,B,,
level,turn,available gate,victory condition,,,,,,,,,,,comment
109,4,X/H/Y/Z,All black,,,,,,,,,,,auto generated (N=4, central, overlap)
,,,,,1,2,3,4,5,6,7,8,,
,,,,1,B,B,B,B,B,W,B,B,,
,,,,2,B,B,B,B,B,W,B,B,,
,,,,3,-,-,-,-,-,W,B,-,,
,,,,4,W,W,W,W,W,-,+,W,,
,,,,5,B,B,B,B,B,W,B,B,,
,,,,6,B,B,B,B,B,W,B,B,,
,,,,7,B,B,B,B,B,W,B,B,,
,,,,8,B,B,B,B,B,W,B,B,,
level,turn,available gate,victory condition,,,,,,,,,,,comment
110,4,X/H/Y/Z,All black,,,,,,,,,,,auto generated (N=4, central, overlap)
,,,,,1,2,3,4,5,6,7,8,,
,,,,1,B,B,B,B,B,B,B,B,,
,,,,2,B,B,B,B,B,B,B,B,,
,,,,3,W,W,W,W,W,W,W,W,,
,,,,4,B,B,B,B,-,-,B,B,,
,,,,5,-,-,-,-,B,W,-,-,,
,,,,6,B,B,B,B,B,B,B,B,,
,,,,7,B,B,B,B,B,B,B,B,,
,,,,8,B,B,B,B,B,B,B,B,,
level,turn,available gate,victory condition,,,,,,,,,,,comment
111,4,X/H/Y/Z,All black,,,,,,,,,,,auto generated (N=4, central, overlap)
,,,,,1,2,3,4,5,6,7,8,,
,,,,1,B,B,B,W,B,B,B,B,,
,,,,2,B,B,B,W,B,B,B,B,,
,,,,3,B,B,B,W,B,B,B,B,,
,,,,4,B,B,B,B,W,B,B,B,,
,,,,5,-,-,-,+,-,-,-,-,,
,,,,6,B,B,B,B,W,B,B,B,,
,,,,7,B,B,B,W,B,B,B,B,,
,,,,8,B,B,B,W,B,B,B,B,,
level,turn,available gate,victory condition,,,,,,,,,,,comment
112,4,X/H/Y/Z,All black,,,,,,,,,,,auto generated (N=4, central, overlap)
,,,,,1,2,3,4,5,6,7,8,,
,,,,1,B,B,B,W,B,B,B,B,,
,,,,2,B,B,B,W,B,B,B,B,,
,,,,3,B,B,B,W,B,B,B,B,,
,,,,4,B,B,W,B,B,B,B,B,,
,,,,5,-,-,+,B,B,-,-,-,,
,,,,6,B,B,B,+,-,B,B,B,,
,,,,7,B,B,B,W,B,B,B,B,,
,,,,8,B,B,B,W,B,B,B,B,,
level,turn,available gate,victory condition,,,,,,,,,,,comment
113,4,X/H/Y/Z,All white,,,,,,,,,,,auto generated (N=5, central, overlap)
,,,,,1,2,3,4,5,6,7,8,,
,,,,1,W,W,W,W,W,B,W,W,,
,,,,2,W,W,W,W,W,B,W,W,,
,,,,3,W,W,W,W,W,B,W,W,,
,,,,4,W,W,W,W,W,B,W,W,,
,,,,5,W,W,W,W,W,W,B,W,,
,,,,6,+,+,+,+,+,B,W,+,,
,,,,7,W,W,W,W,W,-,+,W,,
,,,,8,W,W,W,W,W,B,W,W,,
level,turn,available gate,victory condition,,,,,,,,,,,comment
114,4,X/H/Y/Z,All black,,,,,,,,,,,auto generated (N=5, central, overlap)
,,,,,1,2,3,4,5,6,7,8,,
,,,,1,B,B,W,B,B,B,B,B,,
,,,,2,B,B,W,B,B,B,B,B,,
,,,,3,-,-,W,B,-,-,-,-,,
,,,,4,B,B,+,+,B,B,B,B,,
,,,,5,B,B,W,B,B,B,B,B,,
,,,,6,B,B,W,B,B,B,B,B,,
,,,,7,B,B,W,B,B,B,B,B,,
,,,,8,B,B,W,B,B,B,B,B,,
level,turn,available gate,victory condition,,,,,,,,,,,comment
115,4,X/H/Y/Z,All black,,,,,,,,,,,auto generated (N=5, central, overlap)
,,,,,1,2,3,4,5,6,7,8,,
,,,,1,B,B,B,B,B,B,B,B,,
,,,,2,B,B,B,B,B,B,B,B,,
,,,,3,B,B,B,B,B,B,B,B,,
,,,,4,B,B,B,B,W,W,B,B,,
,,,,5,B,B,B,B,B,+,-,B,,
,,,,6,B,B,B,B,W,-,-,B,,
,,,,7,B,B,B,B,B,W,W,B,,
,,,,8,B,B,B,B,B,B,B,B,,
level,turn,available gate,victory condition,,,,,,,,,,,comment
116,4,X/H/Y/Z,All black,,,,,,,,,,,auto generated (N=6, central, overlap)
,,,,,1,2,3,4,5,6,7,8,,
,,,,1,B,B,B,B,B,B,B,B,,
,,,,2,B,B,B,B,B,B,B,B,,
,,,,3,B,B,B,B,B,B,B,B,,
,,,,4,-,-,-,W,W,+,-,-,,
,,,,5,B,B,B,+,-,B,B,B,,
,,,,6,B,B,B,B,B,B,B,B,,
,,,,7,B,B,B,B,B,B,B,B,,
,,,,8,B,B,B,B,B,B,B,B,,
level,turn,available gate,victory condition,,,,,,,,,,,comment
117,4,X/H/Y/Z/CNOT/SWAP,All white,,,,,,,,,,,auto generated (N=4, central, overlap)
,,,,,1,2,3,4,5,6,7,8,,
,,,,1,W,W,W,+,W,B,W,W,,
,,,,2,W,B,W,+,W,B,W,W,,
,,,,3,B,B,W,-,B,W,B,B,,
,,,,4,W,W,W,+,W,B,W,W,,
,,,,5,W,W,W,+,W,B,W,W,,
,,,,6,W,W,W,+,W,B,W,W,,
,,,,7,W,W,W,+,W,B,W,W,,
,,,,8,W,W,W,+,W,B,W,W,,
level,turn,available gate,victory condition,,,,,,,,,,,comment
118,4,X/H/Y/Z/CNOT/SWAP,All white,,,,,,,,,,,auto generated (N=4, central, overlap)
,,,,,1,2,3,4,5,6,7,8,,
,,,,1,W,W,B,W,W,W,W,W,,
,,,,2,W,W,B,W,W,W,W,W,,
,,,,3,W,W,B,W,W,W,W,W,,
,,,,4,B,B,+,B,B,B,B,B,,
,,,,5,W,W,B,W,+,W,W,W,,
,,,,6,W,W,B,+,+,W,W,W,,
,,,,7,W,W,B,W,W,W,W,W,,
,,,,8,W,W,B,W,W,W,W,W,,
level,turn,available gate,victory condition,,,,,,,,,,,comment
119,4,X/H/Y/Z/CNOT/SWAP,All white,,,,,,,,,,,auto generated (N=4, central, overlap)
,,,,,1,2,3,4,5,6,7,8,,
,,,,1,W,W,B,W,W,W,W,W,,
,,,,2,W,W,B,W,W,W,W,W,,
,,,,3,W,W,W,B,W,W,W,W,,
,,,,4,W,W,B,W,W,W,W,W,,
,,,,5,B,B,W,B,B,B,B,B,,
,,,,6,W,W,B,W,W,W,W,W,,
,,,,7,W,W,W,W,W,W,W,W,,
,,,,8,W,W,B,W,W,W,W,W,,
level,turn,available gate,victory condition,,,,,,,,,,,comment
120,4,X/H/Y/Z/CNOT/SWAP,All white,,,,,,,,,,,auto generated (N=4, central, overlap)
,,,,,1,2,3,4,5,6,7,8,,
,,,,1,W,W,W,W,W,W,W,W,,
,,,,2,W,W,W,W,W,W,W,W,,
,,,,3,W,W,W,W,W,W,W,W,,
,,,,4,W,W,W,W,W,W,W,W,,
,,,,5,W,W,+,W,W,B,B,W,,
,,,,6,W,+,W,W,W,W,W,W,,
,,,,7,W,W,W,W,W,W,W,W,,
,,,,8,W,W,W,W,W,W,W,W,,
level,turn,available gate,victory condition,,,,,,,,,,,comment
121,4,X/H/Y/Z/CNOT/SWAP,All white,,,,,,,,,,,auto generated (N=4, central, overlap)
,,,,,1,2,3,4,5,6,7,8,,
,,,,1,W,W,W,W,W,W,W,W,,
,,,,2,W,W,W,W,W,W,W,W,,
,,,,3,B,B,B,+,+,B,B,B,,
,,,,4,W,W,W,+,B,+,W,W,,
,,,,5,W,W,W,W,+,+,W,W,,
,,,,6,W,W,W,W,W,W,W,W,,
,,,,7,W,W,W,W,W,W,W,W,,
,,,,8,W,W,W,W,W,W,W,W,,
level,turn,available gate,victory condition,,,,,,,,,,,comment
122,4,X/H/Y/Z/CNOT/SWAP,All white,,,,,,,,,,,auto generated (N=4, central, overlap)
,,,,,1,2,3,4,5,6,7,8,,
,,,,1,W,W,W,W,+,+,W,W,,
,,,,2,W,W,W,W,+,+,W,W,,
,,,,3,W,W,W,W,+,+,W,W,,
,,,,4,W,W,W,W,W,W,W,W,,
,,,,5,W,W,W,W,+,+,W,W,,
,,,,6,W,W,W,W,+,W,+,W,,
,,,,7,W,W,W,W,+,W,+,W,,
,,,,8,W,W,W,W,+,+,W,W,,
level,turn,available gate,victory condition,,,,,,,,,,,comment
123,4,X/H/Y/Z/CNOT/SWAP,All white,,,,,,,,,,,auto generated (N=4, central, overlap)
,,,,,1,2,3,4,5,6,7,8,,
,,,,1,W,W,W,B,W,W,W,W,,
,,,,2,W,W,W,B,W,W,W,W,,
,,,,3,W,W,W,B,B,B,W,W,,
,,,,4,W,W,W,W,W,B,W,W,,
,,,,5,W,W,B,B,B,W,W,W,,
,,,,6,W,W,W,B,W,W,W,W,,
,,,,7,W,W,W,B,W,W,W,W,,
,,,,8,W,W,W,B,W,W,W,W,,
level,turn,available gate,victory condition,,,,,,,,,,,comment
124,4,X/H/Y/Z/CNOT/SWAP,All white,,,,,,,,,,,auto generated (N=4, central, overlap)
,,,,,1,2,3,4,5,6,7,8,,
,,,,1,W,W,B,W,W,W,W,W,,
,,,,2,W,W,B,W,W,W,W,W,,
,,,,3,W,W,+,+,W,W,W,W,,
,,,,4,+,+,B,+,W,+,+,+,,
,,,,5,W,W,B,+,+,W,W,W,,
,,,,6,W,W,B,W,W,W,W,W,,
,,,,7,W,W,B,W,W,W,W,W,,
,,,,8,W,W,B,W,W,W,W,W,,
level,turn,available gate,victory condition,,,,,,,,,,,comment
125,4,X/Y/Z/CNOT/SWAP/H,All white,,,,,,,,,,,auto generated (N=4, central, overlap)
,,,,,1,2,3,4,5,6,7,8,,
,,,,1,W,W,W,B,W,B,W,W,,
,,,,2,W,W,W,B,W,B,W,W,,
,,,,3,W,W,B,B,W,B,W,W,,
,,,,4,B,W,B,W,B,W,B,B,,
,,,,5,W,W,W,B,W,B,W,W,,
,,,,6,W,W,W,B,W,B,W,W,,
,,,,7,W,W,W,B,W,B,W,W,,
,,,,8,W,W,W,B,W,B,W,W,,
level,turn,available gate,victory condition,,,,,,,,,,,comment
126,4,X/H/Y/Z/CNOT/SWAP,All white,,,,,,,,,,,auto generated (N=4, central, overlap)
,,,,,1,2,3,4,5,6,7,8,,
,,,,1,W,W,W,W,W,W,W,W,,
,,,,2,W,W,W,W,W,W,W,W,,
,,,,3,B,B,B,B,B,B,B,B,,
,,,,4,W,W,W,B,B,W,W,W,,
,,,,5,W,W,W,-,+,W,W,W,,
,,,,6,W,W,W,-,+,W,W,W,,
,,,,7,W,W,W,W,W,W,W,W,,
,,,,8,W,W,W,W,W,W,W,W,,
level,turn,available gate,victory condition,,,,,,,,,,,comment
127,4,X/H/Y/Z/CNOT/SWAP,All white,,,,,,,,,,,auto generated (N=4, central, overlap)
,,,,,1,2,3,4,5,6,7,8,,
,,,,1,W,W,W,W,W,W,W,W,,
,,,,2,W,W,+,W,W,W,B,W,,
,,,,3,W,W,W,W,-,W,W,W,,
,,,,4,W,W,W,+,-,B,W,W,,
,,,,5,W,W,W,W,W,W,W,W,,
,,,,6,W,W,W,W,W,W,W,W,,
,,,,7,W,W,W,W,W,W,W,W,,
,,,,8,W,W,W,W,W,W,W,W,,
level,turn,available gate,victory condition,,,,,,,,,,,comment
128,4,X/H/Y/Z/CNOT/SWAP,All white,,,,,,,,,,,auto generated (N=4, central, overlap)
,,,,,1,2,3,4,5,6,7,8,,
,,,,1,W,W,+,W,W,W,W,W,,
,,,,2,W,+,+,W,W,W,W,W,,
,,,,3,B,B,B,B,B,B,B,B,,
,,,,4,W,W,-,W,W,W,W,W,,
,,,,5,W,W,+,W,W,W,W,W,,
,,,,6,W,W,+,W,W,W,W,W,,
,,,,7,W,W,+,W,W,W,W,W,,
,,,,8,W,W,+,W,W,W,W,W,,
level,turn,available gate,victory condition,,,,,,,,,,,comment
129,4,X/H/Y/Z/CNOT/SWAP,All white,,,,,,,,,,,auto generated (N=4, central, overlap)
,,,,,1,2,3,4,5,6,7,8,,
,,,,1,W,W,+,W,W,W,W,W,,
,,,,2,W,W,+,W,W,W,W,W,,
,,,,3,W,W,+,W,W,W,W,W,,
,,,,4,W,W,+,W,W,W,W,W,,
,,,,5,W,W,-,W,W,W,W,W,,
,,,,6,W,W,-,W,W,W,W,W,,
,,,,7,W,W,-,B,B,W,W,W,,
,,,,8,W,W,+,W,W,W,W,W,,
level,turn,available gate,victory condition,,,,,,,,,,,comment
130,4,X/H/Y/Z/CNOT/SWAP,All white,,,,,,,,,,,auto generated (N=4, central, overlap)
,,,,,1,2,3,4,5,6,7,8,,
,,,,1,W,W,W,W,W,B,W,W,,
,,,,2,W,W,W,W,W,B,W,W,,
,,,,3,W,W,W,W,W,B,W,W,,
,,,,4,+,+,+,W,-,-,+,+,,
,,,,5,W,W,W,W,-,B,W,W,,
,,,,6,W,W,W,W,W,B,W,W,,
,,,,7,W,W,W,W,W,B,W,W,,
,,,,8,W,W,W,W,W,B,W,W,,
level,turn,available gate,victory condition,,,,,,,,,,,comment
131,4,X/H/Y/Z/CNOT/SWAP,All white,,,,,,,,,,,auto generated (N=4, central, overlap)
,,,,,1,2,3,4,5,6,7,8,,
,,,,1,W,W,B,W,B,W,W,W,,
,,,,2,W,W,B,W,B,W,W,W,,
,,,,3,W,W,B,B,W,W,W,W,,
,,,,4,W,W,W,W,W,W,W,W,,
,,,,5,W,W,W,B,B,W,W,W,,
,,,,6,W,W,B,W,B,W,W,W,,
,,,,7,W,W,B,W,B,W,W,W,,
,,,,8,W,W,B,W,B,W,W,W,,
level,turn,available gate,victory condition,,,,,,,,,,,comment
132,4,X/H/Y/Z/CNOT/SWAP,All black,,,,,,,,,,,auto generated (N=4, central, overlap)
,,,,,1,2,3,4,5,6,7,8,,
,,,,1,B,B,B,B,B,B,B,B,,
,,,,2,B,B,B,B,B,B,B,B,,
,,,,3,W,W,W,B,B,B,W,W,,
,,,,4,B,B,B,W,B,W,B,B,,
,,,,5,B,B,B,B,B,B,B,B,,
,,,,6,B,B,B,B,B,B,B,B,,
,,,,7,B,B,B,B,B,B,B,B,,
,,,,8,B,B,B,B,B,B,B,B,,
level,turn,available gate,victory condition,,,,,,,,,,,comment
133,4,X/H/Y/Z/CNOT/SWAP,All black,,,,,,,,,,,auto generated (N=4, central, overlap)
,,,,,1,2,3,4,5,6,7,8,,
,,,,1,B,B,-,W,B,B,B,B,,
,,,,2,B,B,-,W,B,B,B,B,,
,,,,3,B,B,+,W,B,B,B,B,,
,,,,4,B,B,-,W,B,B,B,B,,
,,,,5,B,B,B,W,B,B,B,B,,
,,,,6,B,B,-,-,B,B,B,B,,
,,,,7,B,B,-,W,B,B,B,B,,
,,,,8,B,B,-,W,B,B,B,B,,
level,turn,available gate,victory condition,,,,,,,,,,,comment
134,4,X/H/Y/Z/CNOT/SWAP,All black,,,,,,,,,,,auto generated (N=4, central, overlap)
,,,,,1,2,3,4,5,6,7,8,,
,,,,1,B,B,B,B,B,B,B,B,,
,,,,2,B,B,B,B,B,B,B,B,,
,,,,3,B,B,B,B,B,B,B,B,,
,,,,4,B,B,B,B,B,B,B,B,,
,,,,5,B,B,B,B,B,B,B,B,,
,,,,6,W,B,W,W,W,W,-,W,,
,,,,7,B,B,B,B,-,-,-,B,,
,,,,8,B,B,B,B,B,B,B,B,,
level,turn,available gate,victory condition,,,,,,,,,,,comment
135,4,X/H/Y/Z/CNOT/SWAP,All black,,,,,,,,,,,auto generated (N=4, central, overlap)
,,,,,1,2,3,4,5,6,7,8,,
,,,,1,B,B,B,B,B,W,B,B,,
,,,,2,B,B,B,B,B,W,B,B,,
,,,,3,B,B,B,B,W,B,B,B,,
,,,,4,W,W,W,W,B,B,W,W,,
,,,,5,B,B,B,B,B,W,B,B,,
,,,,6,B,B,B,B,B,W,B,B,,
,,,,7,B,B,B,B,B,W,B,B,,
,,,,8,B,B,B,B,B,W,B,B,,
level,turn,available gate,victory condition,,,,,,,,,,,comment
136,4,X/H/Y/Z/CNOT/SWAP,All white,,,,,,,,,,,auto generated (N=4, central, overlap)
,,,,,1,2,3,4,5,6,7,8,,
,,,,1,W,W,W,W,+,W,W,W,,
,,,,2,W,W,W,W,+,W,W,W,,
,,,,3,W,W,W,W,+,W,W,W,,
,,,,4,W,W,W,W,+,W,W,W,,
,,,,5,B,B,B,B,W,W,B,B,,
,,,,6,W,W,W,W,-,-,W,W,,
,,,,7,W,W,W,W,+,W,W,W,,
,,,,8,W,W,W,W,+,W,W,W,,
level,turn,available gate,victory condition,,,,,,,,,,,comment
137,4,X/H/Y/Z/CNOT/SWAP,All white,,,,,,,,,,,auto generated (N=4, central, overlap)
,,,,,1,2,3,4,5,6,7,8,,
,,,,1,W,W,W,W,W,W,W,W,,
,,,,2,W,W,W,W,W,W,W,W,,
,,,,3,W,W,W,W,+,+,W,W,,
,,,,4,W,W,W,B,-,+,W,W,,
,,,,5,+,+,+,-,-,-,+,+,,
,,,,6,W,W,W,W,W,W,W,W,,
,,,,7,W,W,W,W,W,W,W,W,,
,,,,8,W,W,W,W,W,W,W,W,,
level,turn,available gate,victory condition,,,,,,,,,,,comment
138,4,X/H/Y/Z/CNOT/SWAP,All white,,,,,,,,,,,auto generated (N=4, central, overlap)
,,,,,1,2,3,4,5,6,7,8,,
,,,,1,W,W,W,W,B,W,W,W,,
,,,,2,W,W,W,W,B,W,W,W,,
,,,,3,W,W,W,B,B,B,W,W,,
,,,,4,+,+,+,-,-,+,+,+,,
,,,,5,W,W,W,W,B,W,W,W,,
,,,,6,W,W,W,W,B,W,W,W,,
,,,,7,W,W,W,W,B,W,W,W,,
,,,,8,W,W,W,W,B,W,W,W,,
level,turn,available gate,victory condition,,,,,,,,,,,comment
139,4,X/H/Y/Z/CNOT/SWAP,All white,,,,,,,,,,,auto generated (N=4, central, overlap)
,,,,,1,2,3,4,5,6,7,8,,
,,,,1,W,W,W,W,W,W,W,W,,
,,,,2,W,W,W,W,W,W,W,W,,
,,,,3,W,W,W,W,W,W,W,W,,
,,,,4,W,W,W,W,-,+,W,W,,
,,,,5,W,W,W,W,-,+,W,W,,
,,,,6,+,+,+,+,+,+,+,+,,
,,,,7,W,W,W,W,B,B,W,W,,
,,,,8,W,W,W,W,W,W,W,W,,
level,turn,available gate,victory condition,,,,,,,,,,,comment
140,4,X/H/Y/Z/CNOT/SWAP,All white,,,,,,,,,,,auto generated (N=4, central, overlap)
,,,,,1,2,3,4,5,6,7,8,,
,,,,1,W,W,W,W,B,W,W,W,,
,,,,2,W,W,W,W,B,W,W,W,,
,,,,3,W,W,W,W,B,W,W,W,,
,,,,4,W,W,W,W,B,W,W,W,,
,,,,5,W,W,W,W,W,B,B,W,,
,,,,6,B,B,B,B,W,B,B,B,,
,,,,7,W,W,W,W,B,W,W,W,,
,,,,8,W,W,W,W,B,W,W,W,,
level,turn,available gate,victory condition,,,,,,,,,,,comment
141,4,X/H/Y/Z/CNOT/SWAP,All white,,,,,,,,,,,auto generated (N=4, central, overlap)
,,,,,1,2,3,4,5,6,7,8,,
,,,,1,W,W,W,W,B,W,W,W,,
,,,,2,W,W,W,W,B,W,W,W,,
,,,,3,W,W,W,W,B,W,W,W,,
,,,,4,W,W,W,W,B,W,W,W,,
,,,,5,W,W,W,W,-,+,B,W,,
,,,,6,B,B,B,B,-,+,W,B,,
,,,,7,W,W,W,W,B,W,W,W,,
,,,,8,W,W,W,W,B,W,W,W,,
level,turn,available gate,victory condition,,,,,,,,,,,comment
142,4,X/H/Y/Z/CNOT/SWAP,All white,,,,,,,,,,,auto generated (N=4, central, overlap)
,,,,,1,2,3,4,5,6,7,8,,
,,,,1,W,W,B,W,B,W,W,W,,
,,,,2,W,W,B,W,B,W,W,W,,
,,,,3,W,W,B,W,B,W,W,W,,
,,,,4,+,+,+,W,B,+,+,+,,
,,,,5,W,W,B,+,-,W,W,W,,
,,,,6,W,W,B,W,B,W,W,W,,
,,,,7,W,W,B,W,B,W,W,W,,
,,,,8,W,W,B,W,B,W,W,W,,
level,turn,available gate,victory condition,,,,,,,,,,,comment
143,4,X/H/Y/Z/CNOT/SWAP,All white,,,,,,,,,,,auto generated (N=4, central, overlap)
,,,,,1,2,3,4,5,6,7,8,,
,,,,1,W,W,W,W,W,+,W,W,,
,,,,2,W,W,W,W,W,+,W,W,,
,,,,3,+,+,+,+,+,B,+,+,,
,,,,4,W,W,W,W,W,+,B,W,,
,,,,5,W,W,W,W,W,+,W,W,,
,,,,6,W,W,W,W,W,-,W,W,,
,,,,7,W,W,W,W,W,+,W,W,,
,,,,8,W,W,W,W,W,+,W,W,,
level,turn,available gate,victory condition,,,,,,,,,,,comment
144,4,X/H/Y/Z/CNOT/SWAP,All white,,,,,,,,,,,auto generated (N=4, central, overlap)
,,,,,1,2,3,4,5,6,7,8,,
,,,,1,W,W,W,W,W,W,W,W,,
,,,,2,W,W,W,W,W,W,W,W,,
,,,,3,W,W,W,W,W,W,W,W,,
,,,,4,W,W,W,W,W,W,W,W,,
,,,,5,B,B,-,W,W,B,B,B,,
,,,,6,W,W,+,B,B,W,W,W,,
,,,,7,W,W,+,+,W,W,W,W,,
,,,,8,W,W,W,W,W,W,W,W,,
level,turn,available gate,victory condition,,,,,,,,,,,comment
145,4,X/H/Y/Z/CNOT/SWAP,All white,,,,,,,,,,,auto generated (N=4, central, overlap)
,,,,,1,2,3,4,5,6,7,8,,
,,,,1,W,W,W,W,W,W,W,W,,
,,,,2,W,W,W,W,W,W,W,W,,
,,,,3,W,W,W,W,W,W,W,W,,
,,,,4,W,W,W,W,W,W,W,W,,
,,,,5,W,W,+,+,B,W,W,W,,
,,,,6,W,W,+,-,W,W,W,W,,
,,,,7,W,W,W,W,W,W,W,W,,
,,,,8,W,W,W,W,W,W,W,W,,
level,turn,available gate,victory condition,,,,,,,,,,,comment
146,4,X/H/Y/Z/CNOT/SWAP,All white,,,,,,,,,,,auto generated (N=4, central, overlap)
,,,,,1,2,3,4,5,6,7,8,,
,,,,1,W,W,W,+,W,B,W,W,,
,,,,2,W,W,W,+,W,B,W,W,,
,,,,3,W,W,W,+,W,B,W,W,,
,,,,4,W,W,W,+,W,B,W,W,,
,,,,5,+,+,W,+,+,+,+,+,,
,,,,6,W,W,W,+,W,B,W,W,,
,,,,7,W,W,W,+,W,B,W,W,,
,,,,8,W,W,W,+,W,B,W,W,,
level,turn,available gate,victory condition,,,,,,,,,,,comment
147,4,X/H/Y/Z/CNOT/SWAP,All white,,,,,,,,,,,auto generated (N=4, central, overlap)
,,,,,1,2,3,4,5,6,7,8,,
,,,,1,W,W,W,W,W,W,W,W,,
,,,,2,W,W,W,W,W,W,W,W,,
,,,,3,W,W,W,W,W,W,W,W,,
,,,,4,W,W,W,+,+,W,W,W,,
,,,,5,W,W,W,W,+,W,W,W,,
,,,,6,+,+,+,+,+,+,+,+,,
,,,,7,W,W,W,+,W,W,W,W,,
,,,,8,W,W,W,W,W,W,W,W,,
level,turn,available gate,victory condition,,,,,,,,,,,comment
148,4,X/H/Y/Z/CNOT/SWAP,All white,,,,,,,,,,,auto generated (N=4, central, overlap)
,,,,,1,2,3,4,5,6,7,8,,
,,,,1,W,W,W,W,W,W,W,W,,
,,,,2,W,W,W,W,W,W,W,W,,
,,,,3,W,W,W,W,W,W,W,W,,
,,,,4,W,W,B,B,W,W,W,W,,
,,,,5,W,W,B,-,-,W,W,W,,
,,,,6,W,W,W,-,+,W,W,W,,
,,,,7,W,W,W,W,W,W,W,W,,
,,,,8,W,W,W,W,W,W,W,W,,
level,turn,available gate,victory condition,,,,,,,,,,,comment
149,4,X/H/Y/Z/CNOT/SWAP,All white,,,,,,,,,,,auto generated (N=4, central, overlap)
,,,,,1,2,3,4,5,6,7,8,,
,,,,1,W,W,W,W,W,W,W,W,,
,,,,2,W,W,W,W,W,W,W,W,,
,,,,3,W,W,W,W,W,W,W,W,,
,,,,4,W,W,W,W,W,W,W,W,,
,,,,5,+,+,-,B,B,+,+,+,,
,,,,6,W,W,B,-,+,W,W,W,,
,,,,7,W,W,W,W,W,W,W,W,,
,,,,8,W,W,W,W,W,W,W,W,,
level,turn,available gate,victory condition,,,,,,,,,,,comment
150,4,X/H/Y/Z/CNOT/SWAP,All white,,,,,,,,,,,auto generated (N=4, central, overlap)
,,,,,1,2,3,4,5,6,7,8,,
,,,,1,W,W,W,W,W,W,W,W,,
,,,,2,W,W,W,W,W,W,W,W,,
,,,,3,W,W,W,W,W,W,W,W,,
,,,,4,W,W,W,W,W,-,W,W,,
,,,,5,W,W,W,W,+,+,W,W,,
,,,,6,W,W,W,W,W,W,+,W,,
,,,,7,W,W,W,W,W,W,W,W,,
,,,,8,W,W,W,W,W,W,W,W,,
level,turn,available gate,victory condition,,,,,,,,,,,comment
151,4,X/H/Y/Z/CNOT/SWAP,All white,,,,,,,,,,,auto generated (N=4, central, overlap)
,,,,,1,2,3,4,5,6,7,8,,
,,,,1,W,W,W,W,W,W,W,W,,
,,,,2,W,W,W,W,W,W,W,W,,
,,,,3,W,W,W,W,W,W,W,W,,
,,,,4,W,W,W,W,W,W,W,W,,
,,,,5,W,W,W,W,B,+,-,W,,
,,,,6,W,W,W,W,B,+,-,W,,
,,,,7,W,W,W,W,B,W,W,W,,
,,,,8,W,W,W,W,W,W,W,W,,
level,turn,available gate,victory condition,,,,,,,,,,,comment
152,4,X/H/Y/Z/CNOT/SWAP,All white,,,,,,,,,,,auto generated (N=4, central, overlap)
,,,,,1,2,3,4,5,6,7,8,,
,,,,1,W,W,W,W,W,W,W,W,,
,,,,2,W,W,W,W,W,W,W,W,,
,,,,3,W,W,-,+,W,W,W,W,,
,,,,4,B,B,-,B,-,B,B,B,,
,,,,5,W,W,W,W,W,W,W,W,,
,,,,6,W,W,W,W,W,W,W,W,,
,,,,7,W,W,W,W,W,W,W,W,,
,,,,8,W,W,W,W,W,W,W,W,,
level,turn,available gate,victory condition,,,,,,,,,,,comment
153,4,X/H/Y/Z/CNOT/SWAP,All white,,,,,,,,,,,auto generated (N=4, central, overlap)
,,,,,1,2,3,4,5,6,7,8,,
,,,,1,W,W,W,W,W,+,W,W,,
,,,,2,W,W,W,W,W,+,W,W,,
,,,,3,B,B,B,W,B,+,W,B,,
,,,,4,W,W,W,W,W,-,B,W,,
,,,,5,W,W,W,W,W,+,W,W,,
,,,,6,W,W,W,W,W,+,W,W,,
,,,,7,W,W,W,W,W,+,W,W,,
,,,,8,W,W,W,W,W,+,W,W,,
level,turn,available gate,victory condition,,,,,,,,,,,comment
154,4,X/H/Y/CNOT/SWAP/Z,All white,,,,,,,,,,,auto generated (N=4, central, overlap)
,,,,,1,2,3,4,5,6,7,8,,
,,,,1,W,W,B,W,W,W,W,W,,
,,,,2,W,W,B,W,W,W,W,W,,
,,,,3,W,W,B,W,W,W,W,W,,
,,,,4,W,W,B,W,W,W,B,W,,
,,,,5,W,W,B,W,W,W,W,W,,
,,,,6,W,W,B,W,W,W,W,W,,
,,,,7,W,W,B,W,W,W,W,W,,
,,,,8,W,W,B,W,W,W,W,W,,
level,turn,available gate,victory condition,,,,,,,,,,,comment
155,4,X/H/Y/CNOT/SWAP/Z,All white,,,,,,,,,,,auto generated (N=4, central, overlap)
,,,,,1,2,3,4,5,6,7,8,,
,,,,1,W,W,B,W,W,W,W,W,,
,,,,2,W,W,B,W,W,W,W,W,,
,,,,3,W,W,B,W,W,W,W,W,,
,,,,4,W,W,B,W,W,W,W,W,,
,,,,5,+,+,B,W,+,+,+,+,,
,,,,6,W,W,+,W,W,W,W,W,,
,,,,7,W,W,B,+,W,W,W,W,,
,,,,8,W,W,B,W,W,W,W,W,,
level,turn,available gate,victory condition,,,,,,,,,,,comment
156,4,X/H/Y/CNOT/SWAP/Z,All white,,,,,,,,,,,auto generated (N=4, central, overlap)
,,,,,1,2,3,4,5,6,7,8,,
,,,,1,W,W,W,W,+,W,W,W,,
,,,,2,W,W,W,W,+,W,W,W,,
,,,,3,W,W,W,+,+,W,W,W,,
,,,,4,W,W,W,+,+,W,W,W,,
,,,,5,+,+,W,W,W,+,+,+,,
,,,,6,W,W,W,W,+,W,W,W,,
,,,,7,W,W,W,W,+,W,W,W,,
,,,,8,W,W,W,W,+,W,W,W,,
level,turn,available gate,victory condition,,,,,,,,,,,comment
157,4,X/H/Y/CNOT/SWAP/Z,All black,,,,,,,,,,,auto generated (N=5, central, overlap)
,,,,,1,2,3,4,5,6,7,8,,
,,,,1,B,B,B,B,B,-,B,B,,
,,,,2,B,B,B,B,B,-,B,B,,
,,,,3,B,B,B,-,B,B,B,B,,
,,,,4,B,B,B,B,B,B,B,B,,
,,,,5,B,B,-,B,B,-,B,B,,
,,,,6,B,B,B,B,B,-,B,B,,
,,,,7,B,B,B,B,B,-,B,B,,
,,,,8,B,B,B,B,B,-,B,B,,
level,turn,available gate,victory condition,,,,,,,,,,,comment
158,4,X/H/Y/CNOT/SWAP/Z,All black,,,,,,,,,,,auto generated (N=5, central, overlap)
,,,,,1,2,3,4,5,6,7,8,,
,,,,1,B,B,B,-,B,B,B,B,,
,,,,2,B,B,B,-,B,B,B,B,,
,,,,3,B,B,B,-,B,B,B,B,,
,,,,4,B,B,-,B,B,B,B,B,,
,,,,5,B,B,-,W,B,B,B,B,,
,,,,6,B,B,B,-,W,B,B,B,,
,,,,7,B,B,B,+,W,B,B,B,,
,,,,8,B,B,B,-,B,B,B,B,,
level,turn,available gate,victory condition,,,,,,,,,,,comment
159,4,X/H/Y/CNOT/SWAP/Z,All black,,,,,,,,,,,auto generated (N=5, central, overlap)
,,,,,1,2,3,4,5,6,7,8,,
,,,,1,B,B,B,B,-,B,B,B,,
,,,,2,B,B,B,B,-,B,B,B,,
,,,,3,B,B,B,W,-,B,B,B,,
,,,,4,+,+,+,+,W,+,+,+,,
,,,,5,B,B,B,B,-,B,B,B,,
,,,,6,B,B,B,B,-,B,B,B,,
,,,,7,B,B,B,B,-,B,B,B,,
,,,,8,B,B,B,B,-,B,B,B,,
level,turn,available gate,victory condition,,,,,,,,,,,comment
160,4,X/H/Y/CNOT/SWAP/Z,All white,,,,,,,,,,,auto generated (N=5, central, overlap)
,,,,,1,2,3,4,5,6,7,8,,
,,,,1,W,W,W,B,W,W,W,W,,
,,,,2,W,W,W,B,W,W,W,W,,
,,,,3,W,W,W,B,W,W,W,W,,
,,,,4,W,W,W,W,B,W,W,W,,
,,,,5,W,W,+,-,B,W,W,W,,
,,,,6,W,W,+,-,W,W,W,W,,
,,,,7,W,W,W,B,W,W,W,W,,
,,,,8,W,W,W,B,W,W,W,W,,
level,turn,available gate,victory condition,,,,,,,,,,,comment
161,4,X/H/Y/CNOT/SWAP/Z,All white,,,,,,,,,,,auto generated (N=5, central, overlap)
,,,,,1,2,3,4,5,6,7,8,,
,,,,1,W,W,W,W,W,W,W,W,,
,,,,2,W,W,W,W,W,B,W,W,,
,,,,3,W,W,W,W,W,W,B,W,,
,,,,4,W,W,W,W,W,+,+,W,,
,,,,5,W,W,W,W,W,+,+,W,,
,,,,6,W,W,W,W,W,W,W,W,,
,,,,7,W,W,W,W,W,W,W,W,,
,,,,8,W,W,W,W,W,W,W,W,,
level,turn,available gate,victory condition,,,,,,,,,,,comment
162,4,X/H/Y/CNOT/SWAP/Z,All white,,,,,,,,,,,auto generated (N=5, central, overlap)
,,,,,1,2,3,4,5,6,7,8,,
,,,,1,W,W,W,W,W,W,W,W,,
,,,,2,W,W,W,W,W,W,W,W,,
,,,,3,W,W,W,W,W,W,W,W,,
,,,,4,W,W,W,B,B,W,W,W,,
,,,,5,W,W,-,+,B,W,W,W,,
,,,,6,W,W,+,-,W,W,W,W,,
,,,,7,W,W,W,W,W,W,W,W,,
,,,,8,W,W,W,W,W,W,W,W,,
level,turn,available gate,victory condition,,,,,,,,,,,comment
163,4,X/H/Y/CNOT/SWAP/Z,All white,,,,,,,,,,,auto generated (N=5, central, overlap)
,,,,,1,2,3,4,5,6,7,8,,
,,,,1,W,W,W,W,W,W,W,W,,
,,,,2,W,W,W,W,W,W,W,W,,
,,,,3,W,W,W,W,+,-,B,W,,
,,,,4,B,B,B,B,W,B,W,B,,
,,,,5,W,W,W,W,+,+,W,W,,
,,,,6,W,W,W,W,W,W,W,W,,
,,,,7,W,W,W,W,W,W,W,W,,
,,,,8,W,W,W,W,W,W,W,W,,
level,turn,available gate,victory condition,,,,,,,,,,,comment
164,4,X/H/Y/Z/CNOT/SWAP,All white,,,,,,,,,,,auto generated (N=6, central, overlap)
,,,,,1,2,3,4,5,6,7,8,,
,,,,1,W,W,W,+,W,W,W,W,,
,,,,2,W,W,W,+,W,W,W,W,,
,,,,3,W,W,W,+,W,W,W,W,,
,,,,4,W,W,W,W,+,W,W,W,,
,,,,5,W,W,W,-,+,W,W,W,,
,,,,6,W,W,W,+,+,W,W,W,,
,,,,7,W,W,W,+,W,W,W,W,,
,,,,8,W,W,W,+,W,W,W,W,,
level,turn,available gate,victory condition,,,,,,,,,,,comment
165,4,X/H/Y/SWAP/Z/CNOT,All white,,,,,,,,,,,auto generated (N=7, central, overlap)
,,,,,1,2,3,4,5,6,7,8,,
,,,,1,W,W,W,B,W,W,W,W,,
,,,,2,W,W,W,B,W,W,W,W,,
,,,,3,W,W,W,B,W,W,W,W,,
,,,,4,+,+,-,W,+,+,+,+,,
,,,,5,W,W,-,W,W,W,W,W,,
,,,,6,W,W,W,B,W,W,W,W,,
,,,,7,W,W,W,B,W,W,W,W,,
,,,,8,W,W,W,B,W,W,W,W,,
level,turn,available gate,victory condition,,,,,,,,,,,comment
166,5,X/H/Y/Z,All white,,,,,,,,,,,auto generated (N=5, central, overlap)
,,,,,1,2,3,4,5,6,7,8,,
,,,,1,W,W,B,W,W,W,W,W,,
,,,,2,W,W,B,W,W,W,W,W,,
,,,,3,W,W,B,W,W,W,W,W,,
,,,,4,W,W,B,W,W,W,W,W,,
,,,,5,B,B,B,W,B,B,B,B,,
,,,,6,W,W,+,B,+,W,W,W,,
,,,,7,W,W,-,W,+,W,W,W,,
,,,,8,W,W,B,W,W,W,W,W,,
level,turn,available gate,victory condition,,,,,,,,,,,comment
167,5,X/H/Y/Z,All white,,,,,,,,,,,auto generated (N=5, central, overlap)
,,,,,1,2,3,4,5,6,7,8,,
,,,,1,W,W,W,-,W,W,W,W,,
,,,,2,W,W,W,-,W,W,W,W,,
,,,,3,B,B,B,+,B,B,B,B,,
,,,,4,W,W,B,+,W,W,W,W,,
,,,,5,W,W,-,B,W,W,W,W,,
,,,,6,W,W,+,W,W,W,W,W,,
,,,,7,W,W,W,-,W,W,W,W,,
,,,,8,W,W,W,-,W,W,W,W,,
level,turn,available gate,victory condition,,,,,,,,,,,comment
168,5,X/H/Y/Z,All white,,,,,,,,,,,auto generated (N=5, central, overlap)
,,,,,1,2,3,4,5,6,7,8,,
,,,,1,W,W,W,W,W,+,W,W,,
,,,,2,W,W,W,W,W,+,W,W,,
,,,,3,+,+,+,+,+,B,+,+,,
,,,,4,W,W,W,W,W,+,W,W,,
,,,,5,W,W,W,W,W,-,W,W,,
,,,,6,B,B,B,B,B,+,B,B,,
,,,,7,W,W,W,W,W,+,W,W,,
,,,,8,W,W,W,W,W,+,W,W,,
level,turn,available gate,victory condition,,,,,,,,,,,comment
169,5,X/H/Y/Z,All white,,,,,,,,,,,auto generated (N=5, central, overlap)
,,,,,1,2,3,4,5,6,7,8,,
,,,,1,W,W,W,W,+,W,W,W,,
,,,,2,W,W,W,W,+,W,W,W,,
,,,,3,W,W,W,W,+,W,W,W,,
,,,,4,W,W,W,W,+,W,W,W,,
,,,,5,W,W,B,B,-,B,W,W,,
,,,,6,B,B,W,-,B,W,B,B,,
,,,,7,W,W,W,+,W,W,W,W,,
,,,,8,W,W,W,W,+,W,W,W,,
level,turn,available gate,victory condition,,,,,,,,,,,comment
170,5,X/H/Y/Z,All white,,,,,,,,,,,auto generated (N=5, central, overlap)
,,,,,1,2,3,4,5,6,7,8,,
,,,,1,W,W,W,W,W,W,W,W,,
,,,,2,W,W,W,W,W,W,W,W,,
,,,,3,W,W,W,W,W,W,W,W,,
,,,,4,W,W,W,W,W,B,B,W,,
,,,,5,B,B,B,B,+,+,B,B,,
,,,,6,W,W,W,W,+,-,W,W,,
,,,,7,W,W,W,W,W,B,B,W,,
,,,,8,W,W,W,W,W,W,W,W,,
level,turn,available gate,victory condition,,,,,,,,,,,comment
171,5,X/H/Y/Z,All white,,,,,,,,,,,auto generated (N=5, central, overlap)
,,,,,1,2,3,4,5,6,7,8,,
,,,,1,W,W,B,W,W,W,W,W,,
,,,,2,W,W,B,W,W,W,W,W,,
,,,,3,B,B,-,+,B,B,B,B,,
,,,,4,-,-,B,W,-,-,-,-,,
,,,,5,W,W,B,W,W,W,W,W,,
,,,,6,W,W,B,W,W,W,W,W,,
,,,,7,W,W,B,W,W,W,W,W,,
,,,,8,W,W,B,W,W,W,W,W,,
level,turn,available gate,victory condition,,,,,,,,,,,comment
172,5,X/H/Y/Z,All white,,,,,,,,,,,auto generated (N=5, central, overlap)
,,,,,1,2,3,4,5,6,7,8,,
,,,,1,W,W,W,W,B,W,W,W,,
,,,,2,W,W,W,W,B,W,W,W,,
,,,,3,W,W,W,W,B,W,W,W,,
,,,,4,+,+,+,+,+,-,+,+,,
,,,,5,W,W,W,B,-,-,W,W,,
,,,,6,W,W,W,B,+,+,W,W,,
,,,,7,W,W,W,W,B,W,W,W,,
,,,,8,W,W,W,W,B,W,W,W,,
level,turn,available gate,victory condition,,,,,,,,,,,comment
173,5,X/H/Y/Z,All white,,,,,,,,,,,auto generated (N=5, central, overlap)
,,,,,1,2,3,4,5,6,7,8,,
,,,,1,W,W,W,W,W,W,W,W,,
,,,,2,W,W,W,W,W,W,W,W,,
,,,,3,+,+,+,+,W,W,+,+,,
,,,,4,+,+,+,-,W,W,+,+,,
,,,,5,W,W,W,B,-,+,W,W,,
,,,,6,W,W,W,W,+,+,W,W,,
,,,,7,W,W,W,W,W,W,W,W,,
,,,,8,W,W,W,W,W,W,W,W,,
level,turn,available gate,victory condition,,,,,,,,,,,comment
174,5,X/H/Y/Z,All white,,,,,,,,,,,auto generated (N=5, central, overlap)
,,,,,1,2,3,4,5,6,7,8,,
,,,,1,W,W,B,W,W,W,W,W,,
,,,,2,W,W,B,W,W,W,W,W,,
,,,,3,W,W,B,W,W,W,W,W,,
,,,,4,W,W,B,W,W,W,W,W,,
,,,,5,W,W,B,W,W,W,W,W,,
,,,,6,-,-,W,B,-,B,B,-,,
,,,,7,W,W,-,+,W,+,+,W,,
,,,,8,W,W,B,W,W,W,W,W,,
level,turn,available gate,victory condition,,,,,,,,,,,comment
175,5,X/H/Y/Z,All white,,,,,,,,,,,auto generated (N=5, central, overlap)
,,,,,1,2,3,4,5,6,7,8,,
,,,,1,W,W,W,W,-,W,W,W,,
,,,,2,W,W,W,W,-,W,W,W,,
,,,,3,W,W,W,W,-,W,W,W,,
,,,,4,W,W,W,W,-,W,W,W,,
,,,,5,W,W,W,W,-,W,W,W,,
,,,,6,W,W,W,W,+,+,-,W,,
,,,,7,W,W,W,W,+,-,+,W,,
,,,,8,W,W,W,W,-,W,W,W,,
level,turn,available gate,victory condition,,,,,,,,,,,comment
176,5,X/H/Y/Z,All white,,,,,,,,,,,auto generated (N=5, central, overlap)
,,,,,1,2,3,4,5,6,7,8,,
,,,,1,W,W,W,W,W,W,W,W,,
,,,,2,W,W,W,W,W,W,W,W,,
,,,,3,W,W,W,W,W,B,W,W,,
,,,,4,+,+,+,+,+,-,+,+,,
,,,,5,W,W,W,W,W,B,W,W,,
,,,,6,W,W,W,W,W,B,W,W,,
,,,,7,W,W,W,W,W,W,W,W,,
,,,,8,W,W,W,W,W,W,W,W,,
level,turn,available gate,victory condition,,,,,,,,,,,comment
177,5,X/H/Y/Z,All white,,,,,,,,,,,auto generated (N=5, central, overlap)
,,,,,1,2,3,4,5,6,7,8,,
,,,,1,W,W,W,W,W,W,W,W,,
,,,,2,W,W,W,W,W,W,W,W,,
,,,,3,W,W,+,+,B,B,W,W,,
,,,,4,-,-,W,W,+,B,W,-,,
,,,,5,W,W,W,W,W,+,+,W,,
,,,,6,W,W,W,W,W,W,W,W,,
,,,,7,W,W,W,W,W,W,W,W,,
,,,,8,W,W,W,W,W,W,W,W,,
level,turn,available gate,victory condition,,,,,,,,,,,comment
178,5,X/H/Y/Z,All black,,,,,,,,,,,auto generated (N=5, central, overlap)
,,,,,1,2,3,4,5,6,7,8,,
,,,,1,B,B,B,B,B,B,B,B,,
,,,,2,B,B,B,B,B,B,B,B,,
,,,,3,B,B,B,B,B,B,B,B,,
,,,,4,W,W,B,B,W,W,W,W,,
,,,,5,B,B,W,B,-,+,B,B,,
,,,,6,B,B,B,W,+,-,B,B,,
,,,,7,B,B,B,B,B,B,B,B,,
,,,,8,B,B,B,B,B,B,B,B,,
level,turn,available gate,victory condition,,,,,,,,,,,comment
179,5,X/H/Y/Z,All black,,,,,,,,,,,auto generated (N=5, central, overlap)
,,,,,1,2,3,4,5,6,7,8,,
,,,,1,B,B,B,B,B,W,B,B,,
,,,,2,B,B,B,B,B,W,B,B,,
,,,,3,B,B,B,B,B,W,B,B,,
,,,,4,B,B,B,B,B,W,B,B,,
,,,,5,W,W,W,W,W,B,W,W,,
,,,,6,W,W,B,W,W,B,W,W,,
,,,,7,B,B,B,B,B,W,B,B,,
,,,,8,B,B,B,B,B,W,B,B,,
level,turn,available gate,victory condition,,,,,,,,,,,comment
180,5,X/H/Y/Z,All black,,,,,,,,,,,auto generated (N=5, central, overlap)
,,,,,1,2,3,4,5,6,7,8,,
,,,,1,B,B,B,B,B,B,B,B,,
,,,,2,B,B,B,B,B,B,B,B,,
,,,,3,B,B,B,B,B,B,B,B,,
,,,,4,B,B,B,B,W,W,B,B,,
,,,,5,B,B,B,W,W,B,B,B,,
,,,,6,W,W,W,B,W,-,+,W,,
,,,,7,B,B,B,B,B,-,-,B,,
,,,,8,B,B,B,B,B,B,B,B,,
level,turn,available gate,victory condition,,,,,,,,,,,comment
181,5,X/H/Y/Z,All black,,,,,,,,,,,auto generated (N=5, central, overlap)
,,,,,1,2,3,4,5,6,7,8,,
,,,,1,B,B,B,B,W,-,B,B,,
,,,,2,B,B,B,B,W,-,B,B,,
,,,,3,B,B,B,B,W,-,B,B,,
,,,,4,B,B,B,B,W,-,B,B,,
,,,,5,-,-,-,-,-,W,-,-,,
,,,,6,W,W,W,W,B,+,W,W,,
,,,,7,B,B,B,B,W,-,B,B,,
,,,,8,B,B,B,B,W,-,B,B,,
level,turn,available gate,victory condition,,,,,,,,,,,comment
182,5,X/H/Y/Z,All black,,,,,,,,,,,auto generated (N=5, central, overlap)
,,,,,1,2,3,4,5,6,7,8,,
,,,,1,B,B,B,B,B,W,B,B,,
,,,,2,B,B,B,B,B,W,B,B,,
,,,,3,B,B,B,B,B,W,B,B,,
,,,,4,B,B,B,B,B,W,B,B,,
,,,,5,B,B,B,B,-,W,-,B,,
,,,,6,B,B,B,B,-,W,-,B,,
,,,,7,B,B,B,B,W,B,B,B,,
,,,,8,B,B,B,B,B,W,B,B,,
level,turn,available gate,victory condition,,,,,,,,,,,comment
183,5,X/H/Y/Z,All black,,,,,,,,,,,auto generated (N=5, central, overlap)
,,,,,1,2,3,4,5,6,7,8,,
,,,,1,B,B,B,B,W,-,B,B,,
,,,,2,B,B,B,B,W,-,B,B,,
,,,,3,+,+,+,+,-,W,+,+,,
,,,,4,B,B,B,B,W,+,B,B,,
,,,,5,B,B,B,B,W,-,B,B,,
,,,,6,B,B,B,B,W,-,B,B,,
,,,,7,B,B,B,B,W,-,B,B,,
,,,,8,B,B,B,B,W,-,B,B,,
level,turn,available gate,victory condition,,,,,,,,,,,comment
184,5,X/H/Y/Z,All black,,,,,,,,,,,auto generated (N=5, central, overlap)
,,,,,1,2,3,4,5,6,7,8,,
,,,,1,B,B,W,B,B,B,B,B,,
,,,,2,B,B,W,B,B,B,B,B,,
,,,,3,B,B,W,B,B,B,B,B,,
,,,,4,-,-,+,+,+,-,-,-,,
,,,,5,B,B,W,W,-,-,B,B,,
,,,,6,W,W,B,W,+,+,W,W,,
,,,,7,B,B,W,B,B,B,B,B,,
,,,,8,B,B,W,B,B,B,B,B,,
level,turn,available gate,victory condition,,,,,,,,,,,comment
185,5,X/H/Y/Z,All black,,,,,,,,,,,auto generated (N=5, central, overlap)
,,,,,1,2,3,4,5,6,7,8,,
,,,,1,B,B,B,B,+,B,B,B,,
,,,,2,B,B,B,B,+,B,B,B,,
,,,,3,-,-,-,-,W,-,-,-,,
,,,,4,B,B,B,B,+,B,B,B,,
,,,,5,W,W,+,+,-,W,W,W,,
,,,,6,B,B,-,-,+,B,B,B,,
,,,,7,B,B,B,B,+,B,B,B,,
,,,,8,B,B,B,B,+,B,B,B,,
level,turn,available gate,victory condition,,,,,,,,,,,comment
186,5,X/H/Y/Z,All black,,,,,,,,,,,auto generated (N=5, central, overlap)
,,,,,1,2,3,4,5,6,7,8,,
,,,,1,B,B,B,B,B,W,B,B,,
,,,,2,B,B,B,B,B,W,B,B,,
,,,,3,+,+,+,+,-,-,-,+,,
,,,,4,B,B,B,B,W,W,W,B,,
,,,,5,B,B,B,B,B,W,B,B,,
,,,,6,B,B,B,B,B,W,B,B,,
,,,,7,B,B,B,B,B,W,B,B,,
,,,,8,B,B,B,B,B,W,B,B,,
level,turn,available gate,victory condition,,,,,,,,,,,comment
187,5,X/H/Y/Z,All black,,,,,,,,,,,auto generated (N=5, central, overlap)
,,,,,1,2,3,4,5,6,7,8,,
,,,,1,B,B,B,B,B,B,B,B,,
,,,,2,B,B,B,B,B,B,B,B,,
,,,,3,B,B,B,B,B,B,B,B,,
,,,,4,B,B,B,B,B,+,+,B,,
,,,,5,-,-,-,-,+,B,B,-,,
,,,,6,B,B,B,B,B,W,W,B,,
,,,,7,B,B,B,B,B,B,B,B,,
,,,,8,B,B,B,B,B,B,B,B,,
level,turn,available gate,victory condition,,,,,,,,,,,comment
188,5,X/H/Y/Z,All black,,,,,,,,,,,auto generated (N=5, central, overlap)
,,,,,1,2,3,4,5,6,7,8,,
,,,,1,B,B,B,B,W,B,B,B,,
,,,,2,B,B,B,B,W,B,B,B,,
,,,,3,W,W,W,W,B,W,W,W,,
,,,,4,-,-,-,-,+,-,-,-,,
,,,,5,W,W,W,W,B,B,B,W,,
,,,,6,B,B,B,B,W,W,W,B,,
,,,,7,B,B,B,B,W,B,B,B,,
,,,,8,B,B,B,B,W,B,B,B,,
level,turn,available gate,victory condition,,,,,,,,,,,comment
189,5,X/H/Y/Z,All black,,,,,,,,,,,auto generated (N=5, central, overlap)
,,,,,1,2,3,4,5,6,7,8,,
,,,,1,B,B,B,-,B,B,B,B,,
,,,,2,B,B,B,-,B,B,B,B,,
,,,,3,W,W,W,+,W,W,W,W,,
,,,,4,W,W,B,+,W,W,W,W,,
,,,,5,B,B,W,+,B,B,B,B,,
,,,,6,-,-,-,B,-,-,-,-,,
,,,,7,B,B,B,-,B,B,B,B,,
,,,,8,B,B,B,-,B,B,B,B,,
level,turn,available gate,victory condition,,,,,,,,,,,comment
190,5,X/H/Y/Z,All black,,,,,,,,,,,auto generated (N=5, central, overlap)
,,,,,1,2,3,4,5,6,7,8,,
,,,,1,B,B,B,+,B,B,B,B,,
,,,,2,B,B,B,+,B,B,B,B,,
,,,,3,W,W,W,-,W,W,W,W,,
,,,,4,B,B,B,+,B,B,B,B,,
,,,,5,B,B,-,W,B,B,B,B,,
,,,,6,B,B,-,B,B,B,B,B,,
,,,,7,B,B,B,-,B,B,B,B,,
,,,,8,B,B,B,+,B,B,B,B,,
level,turn,available gate,victory condition,,,,,,,,,,,comment
191,5,X/H/Y/Z,All black,,,,,,,,,,,auto generated (N=5, central, overlap)
,,,,,1,2,3,4,5,6,7,8,,
,,,,1,B,B,B,W,B,W,B,B,,
,,,,2,B,B,B,W,B,W,B,B,,
,,,,3,B,B,B,W,B,W,B,B,,
,,,,4,B,B,B,B,B,B,B,B,,
,,,,5,W,W,W,W,W,W,W,W,,
,,,,6,B,B,B,W,B,W,B,B,,
,,,,7,B,B,B,W,B,W,B,B,,
,,,,8,B,B,B,W,B,W,B,B,,
level,turn,available gate,victory condition,,,,,,,,,,,comment
192,5,X/H/Y/Z,All black,,,,,,,,,,,auto generated (N=5, central, overlap)
,,,,,1,2,3,4,5,6,7,8,,
,,,,1,B,B,B,B,B,-,B,B,,
,,,,2,B,B,B,B,B,-,B,B,,
,,,,3,+,+,+,W,W,W,+,+,,
,,,,4,B,B,B,-,-,+,B,B,,
,,,,5,B,B,B,B,W,+,B,B,,
,,,,6,B,B,B,B,B,-,B,B,,
,,,,7,B,B,B,B,B,-,B,B,,
,,,,8,B,B,B,B,B,-,B,B,,
level,turn,available gate,victory condition,,,,,,,,,,,comment
193,5,X/H/Y/Z,All black,,,,,,,,,,,auto generated (N=5, central, overlap)
,,,,,1,2,3,4,5,6,7,8,,
,,,,1,B,B,W,B,W,B,B,B,,
,,,,2,B,B,W,B,W,B,B,B,,
,,,,3,-,-,+,-,-,-,-,-,,
,,,,4,B,B,W,B,W,B,B,B,,
,,,,5,B,B,W,B,W,B,B,B,,
,,,,6,-,-,+,+,-,-,-,-,,
,,,,7,B,B,W,W,B,B,B,B,,
,,,,8,B,B,W,B,W,B,B,B,,
level,turn,available gate,victory condition,,,,,,,,,,,comment
194,5,X/H/Y/Z,All black,,,,,,,,,,,auto generated (N=5, central, overlap)
,,,,,1,2,3,4,5,6,7,8,,
,,,,1,B,B,B,B,B,B,B,B,,
,,,,2,B,B,B,B,B,B,B,B,,
,,,,3,B,B,B,W,B,B,B,B,,
,,,,4,-,-,-,+,-,-,-,-,,
,,,,5,W,W,B,W,W,W,W,W,,
,,,,6,B,B,B,B,B,B,B,B,,
,,,,7,B,B,B,B,B,B,B,B,,
,,,,8,B,B,B,B,B,B,B,B,,
level,turn,available gate,victory condition,,,,,,,,,,,comment
195,5,X/H/Y/Z,All white,,,,,,,,,,,auto generated (N=6, central, overlap)
,,,,,1,2,3,4,5,6,7,8,,
,,,,1,W,W,W,W,W,W,W,W,,
,,,,2,W,W,W,W,W,W,W,W,,
,,,,3,W,W,W,W,W,W,W,W,,
,,,,4,W,W,W,W,-,+,W,W,,
,,,,5,W,W,W,W,B,W,W,W,,
,,,,6,W,W,W,W,+,-,W,W,,
,,,,7,W,W,W,W,B,B,W,W,,
,,,,8,W,W,W,W,W,W,W,W,,
level,turn,available gate,victory condition,,,,,,,,,,,comment
196,5,X/H/Y/Z,All white,,,,,,,,,,,auto generated (N=6, central, overlap)
,,,,,1,2,3,4,5,6,7,8,,
,,,,1,W,W,W,W,W,+,W,W,,
,,,,2,W,W,W,W,W,+,W,W,,
,,,,3,W,W,W,W,W,+,W,W,,
,,,,4,W,W,W,W,B,-,W,W,,
,,,,5,W,W,W,W,B,-,B,W,,
,,,,6,W,W,W,W,W,B,-,W,,
,,,,7,W,W,W,W,W,W,+,W,,
,,,,8,W,W,W,W,W,+,W,W,,
level,turn,available gate,victory condition,,,,,,,,,,,comment
197,5,X/H/Y/Z,All black,,,,,,,,,,,auto generated (N=6, central, overlap)
,,,,,1,2,3,4,5,6,7,8,,
,,,,1,B,B,B,B,-,B,B,B,,
,,,,2,B,B,B,B,-,B,B,B,,
,,,,3,B,B,B,B,-,B,B,B,,
,,,,4,B,B,B,B,-,B,B,B,,
,,,,5,B,B,B,W,-,W,B,B,,
,,,,6,W,W,W,B,W,-,W,W,,
,,,,7,B,B,B,B,B,-,B,B,,
,,,,8,B,B,B,B,-,B,B,B,,
level,turn,available gate,victory condition,,,,,,,,,,,comment
198,5,X/H/Y/CNOT/SWAP/Z,All black,,,,,,,,,,,auto generated (N=5, central, overlap)
,,,,,1,2,3,4,5,6,7,8,,
,,,,1,B,B,B,B,B,W,B,B,,
,,,,2,B,B,B,B,B,W,B,B,,
,,,,3,B,B,B,B,B,B,W,B,,
,,,,4,-,-,-,-,+,+,-,-,,
,,,,5,B,B,B,B,B,W,B,B,,
,,,,6,-,-,-,-,+,+,-,-,,
,,,,7,B,B,B,B,B,W,B,B,,
,,,,8,B,B,B,B,B,W,B,B,,
level,turn,available gate,victory condition,,,,,,,,,,,comment
199,5,X/H/Y/CNOT/SWAP/Z,All black,,,,,,,,,,,auto generated (N=5, central, overlap)
,,,,,1,2,3,4,5,6,7,8,,
,,,,1,B,B,B,B,W,B,B,B,,
,,,,2,B,B,B,B,W,B,B,B,,
,,,,3,B,B,B,B,W,B,W,B,,
,,,,4,+,+,+,+,-,-,-,+,,
,,,,5,B,B,B,B,W,B,B,B,,
,,,,6,B,B,B,B,W,B,B,B,,
,,,,7,B,B,B,B,W,B,B,B,,
,,,,8,B,B,B,B,W,B,B,B,,
level,turn,available gate,victory condition,,,,,,,,,,,comment
200,5,X/H/Y/CNOT/SWAP/Z,All black,,,,,,,,,,,auto generated (N=5, central, overlap)
,,,,,1,2,3,4,5,6,7,8,,
,,,,1,B,B,B,B,B,B,B,B,,
,,,,2,B,B,B,B,B,B,W,B,,
,,,,3,+,+,+,+,-,-,-,+,,
,,,,4,B,B,B,B,W,W,W,B,,
,,,,5,B,B,B,B,B,B,B,B,,
,,,,6,B,B,B,B,B,B,B,B,,
,,,,7,B,B,B,B,B,B,B,B,,
,,,,8,B,B,B,B,B,B,B,B,,
level,turn,available gate,victory condition,,,,,,,,,,,comment
201,5,X/H/Y/CNOT/SWAP/Z,All black,,,,,,,,,,,auto generated (N=5, central, overlap)
,,,,,1,2,3,4,5,6,7,8,,
,,,,1,B,B,-,B,B,B,B,B,,
,,,,2,B,B,-,B,B,B,B,B,,
,,,,3,-,-,W,B,-,-,-,-,,
,,,,4,W,W,-,B,-,W,W,W,,
,,,,5,B,B,-,B,B,B,B,B,,
,,,,6,B,B,-,B,B,B,B,B,,
,,,,7,B,B,-,B,B,B,B,B,,
,,,,8,B,B,-,B,B,B,B,B,,
level,turn,available gate,victory condition,,,,,,,,,,,comment
202,5,X/H/Y/CNOT/SWAP/Z,All black,,,,,,,,,,,auto generated (N=5, central, overlap)
,,,,,1,2,3,4,5,6,7,8,,
,,,,1,B,B,B,B,B,B,B,B,,
,,,,2,B,B,B,B,B,B,B,B,,
,,,,3,B,B,B,B,B,B,B,B,,
,,,,4,B,B,B,B,B,B,B,B,,
,,,,5,W,W,W,W,B,B,W,W,,
,,,,6,-,-,+,-,+,-,+,-,,
,,,,7,B,B,B,B,B,B,B,B,,
,,,,8,B,B,B,B,B,B,B,B,,
level,turn,available gate,victory condition,,,,,,,,,,,comment
203,5,X/H/Y/CNOT/SWAP/Z,All black,,,,,,,,,,,auto generated (N=5, central, overlap)
,,,,,1,2,3,4,5,6,7,8,,
,,,,1,B,B,B,-,B,B,B,B,,
,,,,2,B,B,B,-,B,B,B,B,,
,,,,3,W,W,W,-,W,W,W,W,,
,,,,4,B,B,B,-,B,W,B,B,,
,,,,5,B,B,B,-,W,W,B,B,,
,,,,6,W,W,W,+,W,W,W,W,,
,,,,7,B,B,B,-,B,B,B,B,,
,,,,8,B,B,B,-,B,B,B,B,,
level,turn,available gate,victory condition,,,,,,,,,,,comment
204,5,X/H/Y/CNOT/SWAP/Z,All black,,,,,,,,,,,auto generated (N=5, central, overlap)
,,,,,1,2,3,4,5,6,7,8,,
,,,,1,B,B,B,B,-,B,B,B,,
,,,,2,B,B,B,B,-,B,B,B,,
,,,,3,B,B,B,B,-,B,B,B,,
,,,,4,W,W,W,W,+,W,B,W,,
,,,,5,-,-,-,-,B,+,+,-,,
,,,,6,B,B,B,B,-,B,B,B,,
,,,,7,B,B,B,B,-,B,B,B,,
,,,,8,B,B,B,B,-,B,B,B,,
level,turn,available gate,victory condition,,,,,,,,,,,comment
205,5,X/H/Y/CNOT/SWAP/Z,All white,,,,,,,,,,,auto generated (N=5, central, overlap)
,,,,,1,2,3,4,5,6,7,8,,
,,,,1,W,W,W,W,-,W,W,W,,
,,,,2,W,W,W,W,-,W,W,W,,
,,,,3,W,W,W,B,-,W,W,W,,
,,,,4,B,B,W,B,+,B,B,B,,
,,,,5,W,W,W,W,-,W,W,W,,
,,,,6,B,B,B,B,+,B,B,B,,
,,,,7,W,W,W,W,-,W,W,W,,
,,,,8,W,W,W,W,-,W,W,W,,
level,turn,available gate,victory condition,,,,,,,,,,,comment
206,5,X/H/Y/CNOT/SWAP/Z,All white,,,,,,,,,,,auto generated (N=5, central, overlap)
,,,,,1,2,3,4,5,6,7,8,,
,,,,1,W,W,W,W,W,W,W,W,,
,,,,2,W,W,W,W,W,W,W,W,,
,,,,3,W,+,W,B,B,B,B,W,,
,,,,4,+,+,W,-,-,+,+,+,,
,,,,5,W,W,W,B,B,W,W,W,,
,,,,6,W,W,W,W,W,W,W,W,,
,,,,7,W,W,W,W,W,W,W,W,,
,,,,8,W,W,W,W,W,W,W,W,,
level,turn,available gate,victory condition,,,,,,,,,,,comment
207,5,X/H/Y/CNOT/SWAP/Z,All white,,,,,,,,,,,auto generated (N=5, central, overlap)
,,,,,1,2,3,4,5,6,7,8,,
,,,,1,W,W,W,B,W,W,W,W,,
,,,,2,W,W,W,B,W,W,W,W,,
,,,,3,B,B,B,W,W,B,W,B,,
,,,,4,W,W,W,B,B,B,W,W,,
,,,,5,W,W,W,W,W,W,W,W,,
,,,,6,W,W,W,B,W,W,W,W,,
,,,,7,W,W,W,B,W,W,W,W,,
,,,,8,W,W,W,B,W,W,W,W,,
level,turn,available gate,victory condition,,,,,,,,,,,comment
208,5,X/H/Y/CNOT/SWAP/Z,All white,,,,,,,,,,,auto generated (N=5, central, overlap)
,,,,,1,2,3,4,5,6,7,8,,
,,,,1,W,W,W,B,B,W,W,W,,
,,,,2,W,W,W,B,B,W,W,W,,
,,,,3,W,W,W,B,B,W,W,W,,
,,,,4,B,B,B,W,W,+,B,B,,
,,,,5,+,+,+,-,-,W,+,+,,
,,,,6,W,W,W,B,B,W,W,W,,
,,,,7,W,W,W,B,B,W,W,W,,
,,,,8,W,W,W,B,B,W,W,W,,
level,turn,available gate,victory condition,,,,,,,,,,,comment
209,5,X/H/Y/CNOT/SWAP/Z,All white,,,,,,,,,,,auto generated (N=5, central, overlap)
,,,,,1,2,3,4,5,6,7,8,,
,,,,1,W,W,+,W,W,B,W,W,,
,,,,2,W,W,+,W,B,B,W,W,,
,,,,3,B,B,-,W,B,W,B,B,,
,,,,4,W,W,+,W,W,B,W,W,,
,,,,5,+,+,W,+,+,-,+,+,,
,,,,6,W,W,+,W,W,B,W,W,,
,,,,7,W,W,+,W,W,B,W,W,,
,,,,8,W,W,+,W,W,B,W,W,,
level,turn,available gate,victory condition,,,,,,,,,,,comment
210,5,X/H/Y/CNOT/SWAP/Z,All white,,,,,,,,,,,auto generated (N=5, central, overlap)
,,,,,1,2,3,4,5,6,7,8,,
,,,,1,W,W,W,W,B,W,W,W,,
,,,,2,W,W,W,W,B,W,W,W,,
,,,,3,W,W,B,W,W,W,W,W,,
,,,,4,W,W,W,W,W,W,W,W,,
,,,,5,W,W,W,W,B,W,W,W,,
,,,,6,W,W,W,B,B,W,W,W,,
,,,,7,W,W,W,W,W,W,W,W,,
,,,,8,W,W,W,W,B,W,W,W,,
level,turn,available gate,victory condition,,,,,,,,,,,comment
211,5,X/H/Y/CNOT/SWAP/Z,All white,,,,,,,,,,,auto generated (N=5, central, overlap)
,,,,,1,2,3,4,5,6,7,8,,
,,,,1,W,W,B,W,B,W,W,W,,
,,,,2,W,W,B,W,B,W,W,W,,
,,,,3,W,W,B,W,B,W,W,W,,
,,,,4,W,W,W,B,B,B,W,W,,
,,,,5,B,B,B,W,W,W,B,B,,
,,,,6,W,W,B,W,B,W,W,W,,
,,,,7,W,W,B,W,B,W,W,W,,
,,,,8,W,W,B,W,B,W,W,W,,
level,turn,available gate,victory condition,,,,,,,,,,,comment
212,5,X/H/Y/CNOT/SWAP/Z,All white,,,,,,,,,,,auto generated (N=5, central, overlap)
,,,,,1,2,3,4,5,6,7,8,,
,,,,1,W,W,W,-,W,W,W,W,,
,,,,2,W,W,W,-,W,W,W,W,,
,,,,3,W,W,W,-,W,W,W,W,,
,,,,4,W,W,W,-,W,W,W,W,,
,,,,5,W,W,W,+,B,B,W,W,,
,,,,6,+,+,+,B,+,-,+,+,,
,,,,7,W,W,W,-,W,W,W,W,,
,,,,8,W,W,W,-,W,W,W,W,,
level,turn,available gate,victory condition,,,,,,,,,,,comment
213,5,X/H/Y/CNOT/SWAP/Z,All white,,,,,,,,,,,auto generated (N=5, central, overlap)
,,,,,1,2,3,4,5,6,7,8,,
,,,,1,W,W,W,W,W,+,W,W,,
,,,,2,W,W,W,W,W,+,W,W,,
,,,,3,W,W,W,W,W,W,W,W,,
,,,,4,W,W,W,W,+,+,W,W,,
,,,,5,B,B,B,B,B,-,B,B,,
,,,,6,W,W,W,B,B,-,W,W,,
,,,,7,W,W,W,B,B,-,W,W,,
,,,,8,W,W,W,W,W,+,W,W,,
level,turn,available gate,victory condition,,,,,,,,,,,comment
214,5,X/H/Y/CNOT/SWAP/Z,All white,,,,,,,,,,,auto generated (N=5, central, overlap)
,,,,,1,2,3,4,5,6,7,8,,
,,,,1,W,W,W,+,W,W,W,W,,
,,,,2,W,W,W,+,W,W,W,W,,
,,,,3,W,W,W,B,-,W,W,W,,
,,,,4,W,W,W,B,-,W,W,W,,
,,,,5,+,+,+,W,+,+,+,+,,
,,,,6,B,B,B,-,B,B,B,B,,
,,,,7,W,W,W,+,W,W,W,W,,
,,,,8,W,W,W,+,W,W,W,W,,
level,turn,available gate,victory condition,,,,,,,,,,,comment
215,5,X/H/Y/CNOT/SWAP/Z,All white,,,,,,,,,,,auto generated (N=5, central, overlap)
,,,,,1,2,3,4,5,6,7,8,,
,,,,1,W,W,W,+,W,B,W,W,,
,,,,2,W,W,W,+,W,B,W,W,,
,,,,3,W,W,W,+,W,B,W,W,,
,,,,4,+,+,-,B,+,+,+,+,,
,,,,5,W,W,W,W,+,B,W,W,,
,,,,6,W,W,W,W,+,B,W,W,,
,,,,7,W,W,W,+,W,B,W,W,,
,,,,8,W,W,W,+,W,B,W,W,,
level,turn,available gate,victory condition,,,,,,,,,,,comment
216,5,X/H/Y/CNOT/SWAP/Z,All white,,,,,,,,,,,auto generated (N=5, central, overlap)
,,,,,1,2,3,4,5,6,7,8,,
,,,,1,W,W,W,+,W,W,W,W,,
,,,,2,W,W,W,+,W,W,W,W,,
,,,,3,W,W,W,+,W,W,W,W,,
,,,,4,-,-,-,B,-,-,-,-,,
,,,,5,+,+,W,+,+,+,+,+,,
,,,,6,W,W,+,W,W,W,W,W,,
,,,,7,W,W,W,+,W,W,W,W,,
,,,,8,W,W,W,+,W,W,W,W,,
level,turn,available gate,victory condition,,,,,,,,,,,comment
217,5,X/H/Y/CNOT/SWAP/Z,All white,,,,,,,,,,,auto generated (N=5, central, overlap)
,,,,,1,2,3,4,5,6,7,8,,
,,,,1,W,W,W,W,W,-,W,W,,
,,,,2,W,W,W,W,W,-,W,W,,
,,,,3,W,W,W,W,W,-,W,W,,
,,,,4,W,W,W,W,W,-,W,W,,
,,,,5,B,B,B,B,W,+,B,B,,
,,,,6,B,B,B,B,W,+,B,B,,
,,,,7,W,W,W,W,W,-,W,W,,
,,,,8,W,W,W,W,W,-,W,W,,
level,turn,available gate,victory condition,,,,,,,,,,,comment
218,5,X/H/Y/CNOT/SWAP/Z,All white,,,,,,,,,,,auto generated (N=5, central, overlap)
,,,,,1,2,3,4,5,6,7,8,,
,,,,1,W,W,W,W,W,W,W,W,,
,,,,2,W,W,W,W,W,W,W,W,,
,,,,3,W,W,W,W,W,W,W,W,,
,,,,4,W,W,W,W,W,W,W,W,,
,,,,5,W,W,W,W,W,+,W,W,,
,,,,6,W,W,W,+,+,+,B,W,,
,,,,7,W,W,W,+,+,B,B,W,,
,,,,8,W,W,W,W,W,W,W,W,,
level,turn,available gate,victory condition,,,,,,,,,,,comment
219,5,X/H/Y/CNOT/SWAP/Z,All white,,,,,,,,,,,auto generated (N=5, central, overlap)
,,,,,1,2,3,4,5,6,7,8,,
,,,,1,W,W,W,W,W,W,W,W,,
,,,,2,W,W,W,W,W,W,W,W,,
,,,,3,W,W,W,W,W,W,W,W,,
,,,,4,W,W,B,-,W,W,W,W,,
,,,,5,W,W,B,-,B,W,W,W,,
,,,,6,W,W,+,W,+,W,W,W,,
,,,,7,W,W,W,W,W,W,W,W,,
,,,,8,W,W,W,W,W,W,W,W,,
level,turn,available gate,victory condition,,,,,,,,,,,comment
220,5,X/H/Y/CNOT/SWAP/Z,All white,,,,,,,,,,,auto generated (N=5, central, overlap)
,,,,,1,2,3,4,5,6,7,8,,
,,,,1,W,W,W,W,W,+,W,W,,
,,,,2,W,W,W,W,W,+,W,W,,
,,,,3,W,W,W,B,W,-,W,W,,
,,,,4,W,W,W,W,W,-,W,W,,
,,,,5,W,W,W,B,W,+,W,W,,
,,,,6,W,W,W,W,W,-,W,W,,
,,,,7,W,W,W,W,W,+,W,W,,
,,,,8,W,W,W,W,W,+,W,W,,
level,turn,available gate,victory condition,,,,,,,,,,,comment
221,5,X/H/Y/CNOT/SWAP/Z,All white,,,,,,,,,,,auto generated (N=5, central, overlap)
,,,,,1,2,3,4,5,6,7,8,,
,,,,1,W,W,W,W,W,-,W,W,,
,,,,2,W,W,W,W,W,-,W,W,,
,,,,3,W,W,W,W,W,B,+,W,,
,,,,4,W,W,W,W,W,B,-,W,,
,,,,5,W,W,W,W,W,+,B,W,,
,,,,6,W,W,W,W,W,-,W,W,,
,,,,7,W,W,W,W,W,-,W,W,,
,,,,8,W,W,W,W,W,-,W,W,,
level,turn,available gate,victory condition,,,,,,,,,,,comment
222,5,X/H/Y/CNOT/SWAP/Z,All white,,,,,,,,,,,auto generated (N=5, central, overlap)
,,,,,1,2,3,4,5,6,7,8,,
,,,,1,W,W,W,+,W,W,W,W,,
,,,,2,W,W,W,+,W,W,W,W,,
,,,,3,W,W,W,W,W,W,W,W,,
,,,,4,+,+,-,W,W,+,+,+,,
,,,,5,W,W,W,-,W,W,W,W,,
,,,,6,W,W,B,-,W,W,W,W,,
,,,,7,W,W,W,+,W,W,W,W,,
,,,,8,W,W,W,+,W,W,W,W,,
level,turn,available gate,victory condition,,,,,,,,,,,comment
223,5,X/H/Y/CNOT/SWAP/Z,All white,,,,,,,,,,,auto generated (N=5, central, overlap)
,,,,,1,2,3,4,5,6,7,8,,
,,,,1,W,W,W,+,W,W,W,W,,
,,,,2,W,W,W,+,W,W,W,W,,
,,,,3,W,W,W,+,W,W,W,W,,
,,,,4,W,W,W,+,W,W,W,W,,
,,,,5,W,W,B,+,B,B,W,W,,
,,,,6,W,W,W,+,B,B,W,W,,
,,,,7,W,W,W,+,W,W,W,W,,
,,,,8,W,W,W,+,W,W,W,W,,
level,turn,available gate,victory condition,,,,,,,,,,,comment
224,5,X/H/Y/CNOT/SWAP/Z,All white,,,,,,,,,,,auto generated (N=5, central, overlap)
,,,,,1,2,3,4,5,6,7,8,,
,,,,1,W,W,W,W,W,W,W,W,,
,,,,2,W,W,W,W,W,W,W,W,,
,,,,3,W,W,W,W,W,W,W,W,,
,,,,4,W,W,W,W,B,W,W,W,,
,,,,5,W,W,W,W,B,B,W,W,,
,,,,6,B,B,B,W,W,-,-,B,,
,,,,7,W,W,B,W,W,+,+,W,,
,,,,8,W,W,W,W,W,W,W,W,,
level,turn,available gate,victory condition,,,,,,,,,,,comment
225,5,X/H/Y/CNOT/SWAP/Z,All white,,,,,,,,,,,auto generated (N=5, central, overlap)
,,,,,1,2,3,4,5,6,7,8,,
,,,,1,W,W,W,W,W,W,W,W,,
,,,,2,W,W,W,W,W,W,W,W,,
,,,,3,W,W,-,B,W,W,W,W,,
,,,,4,W,W,+,-,-,W,W,W,,
,,,,5,W,W,W,B,B,W,W,W,,
,,,,6,W,W,W,W,W,W,W,W,,
,,,,7,W,W,W,W,W,W,W,W,,
,,,,8,W,W,W,W,W,W,W,W,,
level,turn,available gate,victory condition,,,,,,,,,,,comment
226,5,X/H/Y/CNOT/SWAP/Z,All white,,,,,,,,,,,auto generated (N=5, central, overlap)
,,,,,1,2,3,4,5,6,7,8,,
,,,,1,W,W,W,W,+,W,W,W,,
,,,,2,W,W,W,W,+,W,W,W,,
,,,,3,W,W,W,W,+,W,W,W,,
,,,,4,B,B,W,-,-,B,B,B,,
,,,,5,+,+,-,B,W,+,+,+,,
,,,,6,W,W,W,W,+,W,W,W,,
,,,,7,W,W,W,W,+,W,W,W,,
,,,,8,W,W,W,W,+,W,W,W,,
level,turn,available gate,victory condition,,,,,,,,,,,comment
227,5,X/H/Y/CNOT/SWAP/Z,All white,,,,,,,,,,,auto generated (N=5, central, overlap)
,,,,,1,2,3,4,5,6,7,8,,
,,,,1,W,W,W,W,W,W,W,W,,
,,,,2,W,W,W,W,W,W,W,W,,
,,,,3,W,W,W,W,W,W,W,W,,
,,,,4,W,W,W,W,W,W,W,W,,
,,,,5,+,+,+,+,W,W,+,+,,
,,,,6,B,B,B,+,B,+,W,B,,
,,,,7,W,W,W,W,W,B,B,W,,
,,,,8,W,W,W,W,W,W,W,W,,
level,turn,available gate,victory condition,,,,,,,,,,,comment
228,5,X/H/Y/CNOT/SWAP/Z,All white,,,,,,,,,,,auto generated (N=5, central, overlap)
,,,,,1,2,3,4,5,6,7,8,,
,,,,1,W,W,W,W,W,W,W,W,,
,,,,2,W,W,W,W,W,W,W,W,,
,,,,3,W,W,W,W,B,W,W,W,,
,,,,4,W,W,W,W,B,B,B,W,,
,,,,5,B,B,B,B,B,W,W,B,,
,,,,6,W,W,W,W,B,B,W,W,,
,,,,7,W,W,W,W,W,W,W,W,,
,,,,8,W,W,W,W,W,W,W,W,,
level,turn,available gate,victory condition,,,,,,,,,,,comment
229,5,X/H/Y/CNOT/SWAP/Z,All white,,,,,,,,,,,auto generated (N=5, central, overlap)
,,,,,1,2,3,4,5,6,7,8,,
,,,,1,W,W,-,W,W,W,W,W,,
,,,,2,W,W,-,W,W,W,W,W,,
,,,,3,B,B,+,B,B,B,B,B,,
,,,,4,W,W,-,W,W,W,W,W,,
,,,,5,+,+,B,+,+,+,+,+,,
,,,,6,W,W,-,W,B,B,W,W,,
,,,,7,W,W,-,W,W,W,W,W,,
,,,,8,W,W,-,W,W,W,W,W,,
level,turn,available gate,victory condition,,,,,,,,,,,comment
230,5,X/H/Y/Z/CNOT/SWAP,All white,,,,,,,,,,,auto generated (N=6, central, overlap)
,,,,,1,2,3,4,5,6,7,8,,
,,,,1,W,W,W,W,W,W,W,W,,
,,,,2,W,W,W,W,W,W,W,W,,
,,,,3,W,W,W,W,W,W,W,W,,
,,,,4,W,W,W,-,-,W,W,W,,
,,,,5,B,B,W,W,-,B,B,B,,
,,,,6,W,W,B,B,-,W,W,W,,
,,,,7,W,W,W,W,W,W,W,W,,
,,,,8,W,W,W,W,W,W,W,W,,
level,turn,available gate,victory condition,,,,,,,,,,,comment
231,5,X/H/Y/Z/CNOT/SWAP,All white,,,,,,,,,,,auto generated (N=6, central, overlap)
,,,,,1,2,3,4,5,6,7,8,,
,,,,1,W,W,W,W,W,W,W,W,,
,,,,2,W,W,W,W,W,W,W,W,,
,,,,3,B,B,B,B,B,B,B,B,,
,,,,4,W,W,W,W,W,W,W,W,,
,,,,5,W,W,W,W,+,+,W,W,,
,,,,6,W,W,W,W,W,W,W,W,,
,,,,7,W,W,W,W,W,W,W,W,,
,,,,8,W,W,W,W,W,W,W,W,,
level,turn,available gate,victory condition,,,,,,,,,,,comment
232,5,X/H/Y/Z/CNOT/SWAP,All white,,,,,,,,,,,auto generated (N=6, central, overlap)
,,,,,1,2,3,4,5,6,7,8,,
,,,,1,W,W,W,B,W,W,W,W,,
,,,,2,W,W,W,W,W,W,W,W,,
,,,,3,W,W,B,W,W,W,W,W,,
,,,,4,W,W,W,W,B,W,W,W,,
,,,,5,W,W,B,B,W,W,W,W,,
,,,,6,B,B,B,W,B,B,B,B,,
,,,,7,W,W,W,B,W,W,W,W,,
,,,,8,W,W,W,B,W,W,W,W,,
level,turn,available gate,victory condition,,,,,,,,,,,comment
233,5,X/H/Y/Z/CNOT/SWAP,All white,,,,,,,,,,,auto generated (N=6, central, overlap)
,,,,,1,2,3,4,5,6,7,8,,
,,,,1,W,W,W,W,W,B,W,W,,
,,,,2,W,W,W,W,W,B,W,W,,
,,,,3,W,W,W,W,W,W,W,W,,
,,,,4,W,W,W,W,W,W,B,W,,
,,,,5,W,W,W,W,W,W,-,W,,
,,,,6,W,W,W,W,+,B,W,W,,
,,,,7,W,W,W,W,+,-,W,W,,
,,,,8,W,W,W,W,W,B,W,W,,
level,turn,available gate,victory condition,,,,,,,,,,,comment
234,5,X/H/Y/CNOT/SWAP/Z,All white,,,,,,,,,,,auto generated (N=6, central, overlap)
,,,,,1,2,3,4,5,6,7,8,,
,,,,1,W,W,W,W,-,W,W,W,,
,,,,2,W,W,W,W,-,W,W,W,,
,,,,3,W,W,W,W,B,+,W,W,,
,,,,4,W,W,W,B,W,+,W,W,,
,,,,5,W,W,W,W,W,W,W,W,,
,,,,6,W,W,W,-,-,W,W,W,,
,,,,7,W,W,W,W,-,W,W,W,,
,,,,8,W,W,W,W,-,W,W,W,,
level,turn,available gate,victory condition,,,,,,,,,,,comment
235,5,X/H/Y/SWAP/Z/CNOT,All white,,,,,,,,,,,auto generated (N=7, central, overlap)
,,,,,1,2,3,4,5,6,7,8,,
,,,,1,W,W,W,W,W,W,W,W,,
,,,,2,W,W,W,W,W,W,W,W,,
,,,,3,W,W,W,W,W,W,W,W,,
,,,,4,W,W,W,W,W,W,W,W,,
,,,,5,W,W,W,+,-,+,W,W,,
,,,,6,B,B,-,-,W,-,B,B,,
,,,,7,W,W,+,+,W,W,W,W,,
,,,,8,W,W,W,W,W,W,W,W,,
level,turn,available gate,victory condition,,,,,,,,,,,comment
236,5,X/H/Y/SWAP/Z/CNOT,All white,,,,,,,,,,,auto generated (N=7, central, overlap)
,,,,,1,2,3,4,5,6,7,8,,
,,,,1,W,W,-,W,W,W,W,W,,
,,,,2,W,W,-,W,W,W,W,W,,
,,,,3,W,W,B,+,W,W,W,W,,
,,,,4,+,+,-,W,+,+,+,+,,
,,,,5,W,W,-,W,W,W,W,W,,
,,,,6,W,W,+,W,W,W,W,W,,
,,,,7,W,W,-,W,W,W,W,W,,
,,,,8,W,W,-,W,W,W,W,W,,
level,turn,available gate,victory condition,,,,,,,,,,,comment
237,5,X/H/Y/SWAP/Z/CNOT,All white,,,,,,,,,,,auto generated (N=7, central, overlap)
,,,,,1,2,3,4,5,6,7,8,,
,,,,1,W,W,W,W,W,W,W,W,,
,,,,2,W,W,W,W,W,W,W,W,,
,,,,3,W,W,W,W,W,W,W,W,,
,,,,4,W,W,W,W,W,W,W,W,,
,,,,5,B,B,B,B,-,+,W,B,,
,,,,6,+,+,+,+,B,W,-,+,,
,,,,7,W,W,W,W,B,B,W,W,,
,,,,8,W,W,W,W,W,W,W,W,,
level,turn,available gate,victory condition,,,,,,,,,,,comment
238,6,X/H/Y/Z,All black,,,,,,,,,,,auto generated (N=6, central, overlap)
,,,,,1,2,3,4,5,6,7,8,,
,,,,1,B,B,W,B,B,B,B,B,,
,,,,2,B,B,W,B,B,B,B,B,,
,,,,3,B,B,W,B,B,B,B,B,,
,,,,4,B,B,W,B,W,W,B,B,,
,,,,5,-,-,W,B,-,-,-,-,,
,,,,6,B,B,+,B,-,B,B,B,,
,,,,7,B,B,W,+,-,B,B,B,,
,,,,8,B,B,W,B,B,B,B,B,,
level,turn,available gate,victory condition,,,,,,,,,,,comment
239,6,X/H/Y/Z,All black,,,,,,,,,,,auto generated (N=6, central, overlap)
,,,,,1,2,3,4,5,6,7,8,,
,,,,1,B,B,B,B,-,B,B,B,,
,,,,2,B,B,B,B,-,B,B,B,,
,,,,3,B,B,B,B,-,B,B,B,,
,,,,4,B,B,W,W,-,B,B,B,,
,,,,5,W,W,W,B,-,W,W,W,,
,,,,6,B,B,W,B,-,W,B,B,,
,,,,7,B,B,B,B,+,W,B,B,,
,,,,8,B,B,B,B,-,B,B,B,,
level,turn,available gate,victory condition,,,,,,,,,,,comment
240,6,X/H/Y/Z,All white,,,,,,,,,,,auto generated (N=6, central, overlap)
,,,,,1,2,3,4,5,6,7,8,,
,,,,1,W,W,B,W,W,B,W,W,,
,,,,2,W,W,B,W,W,B,W,W,,
,,,,3,+,+,+,-,+,-,+,+,,
,,,,4,B,B,B,W,B,B,W,B,,
,,,,5,W,W,B,W,W,B,W,W,,
,,,,6,W,W,B,W,W,B,W,W,,
,,,,7,W,W,B,W,W,B,W,W,,
,,,,8,W,W,B,W,W,B,W,W,,
level,turn,available gate,victory condition,,,,,,,,,,,comment
241,6,X/H/Y/Z,All white,,,,,,,,,,,auto generated (N=6, central, overlap)
,,,,,1,2,3,4,5,6,7,8,,
,,,,1,W,W,B,W,B,+,W,W,,
,,,,2,W,W,B,W,B,+,W,W,,
,,,,3,W,W,B,W,B,+,W,W,,
,,,,4,B,B,W,W,B,-,B,B,,
,,,,5,W,W,B,B,W,+,W,W,,
,,,,6,W,W,B,W,W,+,W,W,,
,,,,7,W,W,B,W,W,+,W,W,,
,,,,8,W,W,B,W,B,+,W,W,,
level,turn,available gate,victory condition,,,,,,,,,,,comment
242,6,X/H/Y/Z,All white,,,,,,,,,,,auto generated (N=6, central, overlap)
,,,,,1,2,3,4,5,6,7,8,,
,,,,1,W,W,W,W,W,B,W,W,,
,,,,2,W,W,W,W,W,B,W,W,,
,,,,3,W,W,W,W,W,B,W,W,,
,,,,4,+,+,W,W,B,B,+,+,,
,,,,5,B,B,-,-,+,+,B,B,,
,,,,6,W,W,W,W,W,B,W,W,,
,,,,7,W,W,W,W,W,B,W,W,,
,,,,8,W,W,W,W,W,B,W,W,,
level,turn,available gate,victory condition,,,,,,,,,,,comment
243,6,X/H/Y/Z,All white,,,,,,,,,,,auto generated (N=6, central, overlap)
,,,,,1,2,3,4,5,6,7,8,,
,,,,1,W,W,W,W,W,+,W,W,,
,,,,2,W,W,W,W,W,+,W,W,,
,,,,3,W,W,W,W,W,+,W,W,,
,,,,4,+,+,+,+,+,W,+,+,,
,,,,5,W,W,W,W,B,+,B,W,,
,,,,6,W,W,+,-,W,+,B,W,,
,,,,7,W,W,+,-,B,+,W,W,,
,,,,8,W,W,W,W,W,+,W,W,,
level,turn,available gate,victory condition,,,,,,,,,,,comment
244,6,X/H/Y/Z,All white,,,,,,,,,,,auto generated (N=6, central, overlap)
,,,,,1,2,3,4,5,6,7,8,,
,,,,1,W,W,B,W,+,W,W,W,,
,,,,2,W,W,B,W,+,W,W,W,,
,,,,3,W,W,B,W,+,W,W,W,,
,,,,4,W,W,B,W,W,-,W,W,,
,,,,5,+,+,-,+,+,B,+,+,,
,,,,6,W,W,B,W,+,W,W,W,,
,,,,7,W,W,B,W,+,W,W,W,,
,,,,8,W,W,B,W,+,W,W,W,,
level,turn,available gate,victory condition,,,,,,,,,,,comment
245,6,X/H/Y/Z,All white,,,,,,,,,,,auto generated (N=6, central, overlap)
,,,,,1,2,3,4,5,6,7,8,,
,,,,1,W,W,W,+,W,B,W,W,,
,,,,2,W,W,W,+,W,B,W,W,,
,,,,3,W,W,W,+,W,B,W,W,,
,,,,4,W,W,+,W,W,B,W,W,,
,,,,5,-,-,W,-,-,+,-,-,,
,,,,6,B,B,B,-,B,W,B,B,,
,,,,7,W,W,W,+,W,B,W,W,,
,,,,8,W,W,W,+,W,B,W,W,,
level,turn,available gate,victory condition,,,,,,,,,,,comment
246,6,X/H/Y/Z,All white,,,,,,,,,,,auto generated (N=6, central, overlap)
,,,,,1,2,3,4,5,6,7,8,,
,,,,1,W,W,W,+,W,W,W,W,,
,,,,2,W,W,W,+,W,W,W,W,,
,,,,3,W,W,W,+,W,W,W,W,,
,,,,4,+,+,+,W,+,+,+,+,,
,,,,5,W,W,W,-,W,-,+,W,,
,,,,6,W,W,W,+,B,-,+,W,,
,,,,7,W,W,W,+,W,W,W,W,,
,,,,8,W,W,W,+,W,W,W,W,,
level,turn,available gate,victory condition,,,,,,,,,,,comment
247,6,X/H/Y/Z,All white,,,,,,,,,,,auto generated (N=6, central, overlap)
,,,,,1,2,3,4,5,6,7,8,,
,,,,1,W,W,W,W,B,B,W,W,,
,,,,2,W,W,W,W,B,B,W,W,,
,,,,3,W,W,W,W,+,-,W,W,,
,,,,4,B,B,B,B,-,+,B,B,,
,,,,5,W,W,W,W,W,W,W,W,,
,,,,6,W,W,W,W,W,W,W,W,,
,,,,7,W,W,W,W,B,B,W,W,,
,,,,8,W,W,W,W,B,B,W,W,,
level,turn,available gate,victory condition,,,,,,,,,,,comment
248,6,X/H/Y/Z,All white,,,,,,,,,,,auto generated (N=6, central, overlap)
,,,,,1,2,3,4,5,6,7,8,,
,,,,1,W,W,B,W,W,W,W,W,,
,,,,2,W,W,B,W,W,W,W,W,,
,,,,3,+,+,-,+,+,-,+,+,,
,,,,4,W,W,W,B,W,W,W,W,,
,,,,5,W,W,W,B,W,W,W,W,,
,,,,6,B,B,-,-,B,B,B,B,,
,,,,7,W,W,+,+,W,W,W,W,,
,,,,8,W,W,B,W,W,W,W,W,,
level,turn,available gate,victory condition,,,,,,,,,,,comment
249,6,X/H/Y/Z,All white,,,,,,,,,,,auto generated (N=6, central, overlap)
,,,,,1,2,3,4,5,6,7,8,,
,,,,1,W,W,W,W,W,W,W,W,,
,,,,2,W,W,W,W,W,W,W,W,,
,,,,3,W,W,W,W,W,W,W,W,,
,,,,4,W,W,W,B,B,W,W,W,,
,,,,5,B,B,B,W,B,B,B,B,,
,,,,6,W,W,B,W,B,W,W,W,,
,,,,7,W,W,W,W,W,W,W,W,,
,,,,8,W,W,W,W,W,W,W,W,,
level,turn,available gate,victory condition,,,,,,,,,,,comment
250,6,X/H/Y/Z,All black,,,,,,,,,,,auto generated (N=6, central, overlap)
,,,,,1,2,3,4,5,6,7,8,,
,,,,1,B,B,B,W,B,B,B,B,,
,,,,2,B,B,B,W,B,B,B,B,,
,,,,3,B,B,B,-,B,-,B,B,,
,,,,4,B,B,W,-,W,-,B,B,,
,,,,5,B,B,+,-,B,B,B,B,,
,,,,6,B,B,-,+,B,B,B,B,,
,,,,7,B,B,B,W,B,B,B,B,,
,,,,8,B,B,B,W,B,B,B,B,,
level,turn,available gate,victory condition,,,,,,,,,,,comment
251,6,X/H/Y/Z,All black,,,,,,,,,,,auto generated (N=6, central, overlap)
,,,,,1,2,3,4,5,6,7,8,,
,,,,1,B,B,B,W,+,B,B,B,,
,,,,2,B,B,B,W,+,B,B,B,,
,,,,3,B,B,B,W,+,B,B,B,,
,,,,4,W,W,W,B,-,B,B,W,,
,,,,5,B,B,B,W,-,B,W,B,,
,,,,6,B,B,B,W,-,W,B,B,,
,,,,7,B,B,B,W,+,B,B,B,,
,,,,8,B,B,B,W,+,B,B,B,,
level,turn,available gate,victory condition,,,,,,,,,,,comment
252,6,X/H/Y/Z,All black,,,,,,,,,,,auto generated (N=6, central, overlap)
,,,,,1,2,3,4,5,6,7,8,,
,,,,1,B,B,B,B,W,W,B,B,,
,,,,2,B,B,B,B,W,W,B,B,,
,,,,3,B,B,B,B,W,W,B,B,,
,,,,4,W,W,W,W,B,B,W,W,,
,,,,5,B,B,B,B,W,W,B,B,,
,,,,6,W,W,W,W,B,W,W,W,,
,,,,7,B,B,B,B,W,W,B,B,,
,,,,8,B,B,B,B,W,W,B,B,,
level,turn,available gate,victory condition,,,,,,,,,,,comment
253,6,X/H/Y/Z,All black,,,,,,,,,,,auto generated (N=6, central, overlap)
,,,,,1,2,3,4,5,6,7,8,,
,,,,1,B,B,B,B,W,B,B,B,,
,,,,2,B,B,B,B,W,B,B,B,,
,,,,3,+,+,+,-,-,+,+,+,,
,,,,4,B,B,B,B,-,-,B,B,,
,,,,5,B,B,B,W,+,-,B,B,,
,,,,6,B,B,B,B,W,B,B,B,,
,,,,7,B,B,B,B,W,B,B,B,,
,,,,8,B,B,B,B,W,B,B,B,,
level,turn,available gate,victory condition,,,,,,,,,,,comment
254,6,X/H/Y/Z,All black,,,,,,,,,,,auto generated (N=6, central, overlap)
,,,,,1,2,3,4,5,6,7,8,,
,,,,1,B,B,-,W,B,B,B,B,,
,,,,2,B,B,-,W,B,B,B,B,,
,,,,3,+,+,B,+,+,+,+,+,,
,,,,4,B,B,+,B,B,B,B,B,,
,,,,5,B,B,-,W,B,B,B,B,,
,,,,6,B,B,-,W,B,B,B,B,,
,,,,7,B,B,-,W,B,B,B,B,,
,,,,8,B,B,-,W,B,B,B,B,,
level,turn,available gate,victory condition,,,,,,,,,,,comment
255,6,X/H/Y/Z,All white,,,,,,,,,,,auto generated (N=6, central, overlap)
,,,,,1,2,3,4,5,6,7,8,,
,,,,1,W,W,W,B,W,W,W,W,,
,,,,2,W,W,W,B,W,W,W,W,,
,,,,3,W,W,B,W,W,W,W,W,,
,,,,4,+,+,+,-,-,+,+,+,,
,,,,5,B,B,W,B,B,B,B,B,,
,,,,6,W,W,W,B,W,W,W,W,,
,,,,7,W,W,W,B,W,W,W,W,,
,,,,8,W,W,W,B,W,W,W,W,,
level,turn,available gate,victory condition,,,,,,,,,,,comment
256,6,X/H/Y/Z/CNOT/SWAP,All white,,,,,,,,,,,auto generated (N=6, central, overlap)
,,,,,1,2,3,4,5,6,7,8,,
,,,,1,W,W,W,W,W,B,W,W,,
,,,,2,W,W,W,W,W,B,W,W,,
,,,,3,W,W,W,W,W,B,W,W,,
,,,,4,W,W,W,W,W,B,W,W,,
,,,,5,B,B,B,+,B,W,B,B,,
,,,,6,-,-,-,-,W,+,-,-,,
,,,,7,W,W,W,W,W,B,W,W,,
,,,,8,W,W,W,W,W,B,W,W,,
level,turn,available gate,victory condition,,,,,,,,,,,comment
257,6,X/H/Y/Z/CNOT/SWAP,All white,,,,,,,,,,,auto generated (N=6, central, overlap)
,,,,,1,2,3,4,5,6,7,8,,
,,,,1,W,W,W,W,W,B,W,W,,
,,,,2,W,W,W,W,W,B,W,W,,
,,,,3,W,W,W,W,W,B,W,W,,
,,,,4,W,W,W,W,W,B,W,W,,
,,,,5,W,W,-,W,W,B,W,W,,
,,,,6,+,+,+,W,+,-,+,+,,
,,,,7,W,W,W,B,W,W,W,W,,
,,,,8,W,W,W,W,W,B,W,W,,
level,turn,available gate,victory condition,,,,,,,,,,,comment
258,6,X/H/Y/Z/CNOT/SWAP,All white,,,,,,,,,,,auto generated (N=6, central, overlap)
,,,,,1,2,3,4,5,6,7,8,,
,,,,1,W,W,B,W,W,W,W,W,,
,,,,2,W,W,B,W,W,W,W,W,,
,,,,3,W,W,B,W,W,W,W,W,,
,,,,4,W,W,B,W,B,B,W,W,,
,,,,5,W,W,+,B,B,B,W,W,,
,,,,6,W,W,+,B,-,-,W,W,,
,,,,7,W,W,B,W,W,W,W,W,,
,,,,8,W,W,B,W,W,W,W,W,,
level,turn,available gate,victory condition,,,,,,,,,,,comment
259,6,X/H/Y/Z/CNOT/SWAP,All white,,,,,,,,,,,auto generated (N=6, central, overlap)
,,,,,1,2,3,4,5,6,7,8,,
,,,,1,W,W,W,W,+,W,W,W,,
,,,,2,W,W,W,W,+,W,W,W,,
,,,,3,W,W,W,W,+,W,W,W,,
,,,,4,W,W,W,W,+,W,W,W,,
,,,,5,B,B,B,B,W,B,+,B,,
,,,,6,W,W,W,W,+,+,+,W,,
,,,,7,W,W,W,W,+,B,B,W,,
,,,,8,W,W,W,W,+,W,W,W,,
level,turn,available gate,victory condition,,,,,,,,,,,comment
260,6,X/H/Y/Z/CNOT/SWAP,All white,,,,,,,,,,,auto generated (N=6, central, overlap)
,,,,,1,2,3,4,5,6,7,8,,
,,,,1,W,W,W,B,W,B,W,W,,
,,,,2,W,W,W,B,W,B,W,W,,
,,,,3,W,W,W,B,W,B,W,W,,
,,,,4,W,W,W,B,W,B,W,W,,
,,,,5,W,W,W,W,-,-,W,W,,
,,,,6,+,+,+,+,+,+,+,+,,
,,,,7,W,W,W,B,+,+,W,W,,
,,,,8,W,W,W,B,W,B,W,W,,
level,turn,available gate,victory condition,,,,,,,,,,,comment
261,6,X/H/Y/Z/CNOT/SWAP,All white,,,,,,,,,,,auto generated (N=6, central, overlap)
,,,,,1,2,3,4,5,6,7,8,,
,,,,1,W,W,B,W,W,+,W,W,,
,,,,2,W,W,B,W,W,+,W,W,,
,,,,3,W,W,B,W,W,+,W,W,,
,,,,4,B,B,W,B,B,+,W,B,,
,,,,5,W,W,B,W,W,-,B,W,,
,,,,6,B,B,+,-,B,+,B,B,,
,,,,7,W,W,-,+,W,+,W,W,,
,,,,8,W,W,B,W,W,+,W,W,,
level,turn,available gate,victory condition,,,,,,,,,,,comment
262,6,X/H/Y/Z/CNOT/SWAP,All white,,,,,,,,,,,auto generated (N=6, central, overlap)
,,,,,1,2,3,4,5,6,7,8,,
,,,,1,W,W,W,+,W,B,W,W,,
,,,,2,W,W,W,+,W,B,W,W,,
,,,,3,W,W,W,+,W,B,W,W,,
,,,,4,W,W,W,+,W,B,W,W,,
,,,,5,W,W,+,-,B,B,W,W,,
,,,,6,+,+,W,-,B,+,+,+,,
,,,,7,W,W,W,W,+,B,W,W,,
,,,,8,W,W,W,+,W,B,W,W,,
level,turn,available gate,victory condition,,,,,,,,,,,comment
263,6,X/H/Y/Z/CNOT/SWAP,All white,,,,,,,,,,,auto generated (N=6, central, overlap)
,,,,,1,2,3,4,5,6,7,8,,
,,,,1,W,W,B,W,+,W,W,W,,
,,,,2,W,W,B,W,+,W,W,W,,
,,,,3,W,W,B,W,+,W,W,W,,
,,,,4,W,W,B,W,-,+,+,W,,
,,,,5,+,+,+,-,W,W,W,+,,
,,,,6,W,W,B,B,-,W,W,W,,
,,,,7,W,W,B,W,+,W,W,W,,
,,,,8,W,W,B,W,+,W,W,W,,
level,turn,available gate,victory condition,,,,,,,,,,,comment
264,6,X/H/Y/Z/CNOT/SWAP,All white,,,,,,,,,,,auto generated (N=6, central, overlap)
,,,,,1,2,3,4,5,6,7,8,,
,,,,1,W,W,B,W,W,W,W,W,,
,,,,2,W,W,B,W,W,W,W,W,,
,,,,3,W,W,B,W,W,W,W,W,,
,,,,4,W,B,B,W,W,W,W,W,,
,,,,5,+,+,-,+,+,W,W,+,,
,,,,6,B,B,W,W,W,-,-,B,,
,,,,7,W,W,B,B,B,W,W,W,,
,,,,8,W,W,B,W,W,W,W,W,,
level,turn,available gate,victory condition,,,,,,,,,,,comment
265,6,X/H/Y/Z/CNOT/SWAP,All white,,,,,,,,,,,auto generated (N=6, central, overlap)
,,,,,1,2,3,4,5,6,7,8,,
,,,,1,W,W,W,W,W,B,W,W,,
,,,,2,W,W,W,W,W,B,W,W,,
,,,,3,-,-,-,-,-,W,B,-,,
,,,,4,W,W,W,W,W,-,+,W,,
,,,,5,+,+,+,W,W,-,+,+,,
,,,,6,W,W,W,+,+,B,W,W,,
,,,,7,W,W,W,W,W,B,W,W,,
,,,,8,W,W,W,W,W,B,W,W,,
level,turn,available gate,victory condition,,,,,,,,,,,comment
266,6,X/H/Y/Z/CNOT/SWAP,All white,,,,,,,,,,,auto generated (N=6, central, overlap)
,,,,,1,2,3,4,5,6,7,8,,
,,,,1,W,W,W,W,W,+,W,W,,
,,,,2,W,W,W,W,W,-,W,W,,
,,,,3,B,B,W,W,-,W,B,B,,
,,,,4,+,+,-,-,+,W,+,+,,
,,,,5,W,W,W,W,W,+,W,W,,
,,,,6,W,W,W,W,W,+,W,W,,
,,,,7,W,W,W,W,W,+,W,W,,
,,,,8,W,W,W,W,W,+,W,W,,
level,turn,available gate,victory condition,,,,,,,,,,,comment
267,6,X/H/Y/Z/CNOT/SWAP,All white,,,,,,,,,,,auto generated (N=6, central, overlap)
,,,,,1,2,3,4,5,6,7,8,,
,,,,1,W,W,W,W,W,W,W,W,,
,,,,2,W,W,W,W,W,W,W,W,,
,,,,3,W,W,W,W,B,W,W,W,,
,,,,4,-,-,-,+,-,+,+,-,,
,,,,5,B,B,B,B,+,-,W,B,,
,,,,6,W,W,W,W,+,+,W,W,,
,,,,7,W,W,W,W,W,W,W,W,,
,,,,8,W,W,W,W,W,W,W,W,,
level,turn,available gate,victory condition,,,,,,,,,,,comment
268,6,X/H/Y/Z/CNOT/SWAP,All white,,,,,,,,,,,auto generated (N=6, central, overlap)
,,,,,1,2,3,4,5,6,7,8,,
,,,,1,W,W,B,+,W,W,W,W,,
,,,,2,W,W,B,-,W,W,W,W,,
,,,,3,W,W,W,B,+,W,W,W,,
,,,,4,B,B,B,W,+,B,B,B,,
,,,,5,W,W,B,+,W,W,W,W,,
,,,,6,W,W,B,+,W,W,W,W,,
,,,,7,W,W,B,+,W,W,W,W,,
,,,,8,W,W,B,+,W,W,W,W,,
level,turn,available gate,victory condition,,,,,,,,,,,comment
269,6,X/H/Y/Z/CNOT/SWAP,All white,,,,,,,,,,,auto generated (N=6, central, overlap)
,,,,,1,2,3,4,5,6,7,8,,
,,,,1,W,W,W,W,B,W,W,W,,
,,,,2,W,W,W,W,B,W,W,W,,
,,,,3,W,W,W,W,B,W,W,W,,
,,,,4,W,W,W,+,B,+,W,W,,
,,,,5,B,B,-,B,W,-,B,B,,
,,,,6,W,W,-,-,B,W,W,W,,
,,,,7,W,W,W,W,B,W,W,W,,
,,,,8,W,W,W,W,B,W,W,W,,
level,turn,available gate,victory condition,,,,,,,,,,,comment
270,6,X/H/Y/Z/CNOT/SWAP,All white,,,,,,,,,,,auto generated (N=6, central, overlap)
,,,,,1,2,3,4,5,6,7,8,,
,,,,1,W,W,W,W,W,W,W,W,,
,,,,2,W,W,W,W,W,W,W,W,,
,,,,3,W,W,W,W,W,B,W,W,,
,,,,4,W,W,W,W,B,W,W,W,,
,,,,5,-,-,-,B,B,-,-,-,,
,,,,6,W,W,W,+,-,B,W,W,,
,,,,7,W,W,W,W,W,W,W,W,,
,,,,8,W,W,W,W,W,W,W,W,,
level,turn,available gate,victory condition,,,,,,,,,,,comment
271,6,X/H/Y/CNOT/SWAP/Z,All white,,,,,,,,,,,auto generated (N=6, central, overlap)
,,,,,1,2,3,4,5,6,7,8,,
,,,,1,W,W,W,W,W,+,W,W,,
,,,,2,W,W,W,W,W,+,W,W,,
,,,,3,W,W,W,-,+,-,W,W,,
,,,,4,+,+,+,B,W,W,+,+,,
,,,,5,W,W,W,W,W,+,B,W,,
,,,,6,W,W,W,W,W,+,W,W,,
,,,,7,W,W,W,W,W,+,W,W,,
,,,,8,W,W,W,W,W,+,W,W,,
level,turn,available gate,victory condition,,,,,,,,,,,comment
272,6,X/H/Y/SWAP/Z/CNOT,All white,,,,,,,,,,,auto generated (N=6, central, overlap)
,,,,,1,2,3,4,5,6,7,8,,
,,,,1,W,W,W,W,W,W,W,W,,
,,,,2,W,W,W,W,W,W,W,W,,
,,,,3,W,W,W,W,W,W,W,W,,
,,,,4,W,W,W,W,W,W,W,W,,
,,,,5,W,W,W,W,B,W,B,W,,
,,,,6,-,-,+,+,B,W,+,-,,
,,,,7,W,W,W,W,+,+,W,W,,
,,,,8,W,W,W,W,W,W,W,W,,
level,turn,available gate,victory condition,,,,,,,,,,,comment
273,6,X/H/Y/CNOT/SWAP/Z,All white,,,,,,,,,,,auto generated (N=6, central, overlap)
,,,,,1,2,3,4,5,6,7,8,,
,,,,1,W,W,W,W,W,W,W,W,,
,,,,2,W,W,W,W,W,W,W,W,,
,,,,3,W,W,W,W,W,W,W,W,,
,,,,4,W,W,W,W,W,W,W,W,,
,,,,5,W,W,W,B,W,W,W,W,,
,,,,6,W,W,B,B,W,B,B,W,,
,,,,7,W,W,W,B,W,W,W,W,,
,,,,8,W,W,W,W,W,W,W,W,,
level,turn,available gate,victory condition,,,,,,,,,,,comment
274,6,X/H/Y/CNOT/SWAP/Z,All white,,,,,,,,,,,auto generated (N=6, central, overlap)
,,,,,1,2,3,4,5,6,7,8,,
,,,,1,W,W,W,W,W,W,W,W,,
,,,,2,W,W,W,W,W,W,W,W,,
,,,,3,W,W,W,W,B,B,W,W,,
,,,,4,B,B,-,-,W,+,-,B,,
,,,,5,W,W,+,W,+,-,-,W,,
,,,,6,W,W,W,W,W,B,B,W,,
,,,,7,W,W,W,W,W,W,W,W,,
,,,,8,W,W,W,W,W,W,W,W,,
level,turn,available gate,victory condition,,,,,,,,,,,comment
275,6,X/H/Y/CNOT/SWAP/Z,All white,,,,,,,,,,,auto generated (N=6, central, overlap)
,,,,,1,2,3,4,5,6,7,8,,
,,,,1,W,W,B,W,B,W,W,W,,
,,,,2,W,W,B,W,B,W,W,W,,
,,,,3,W,W,-,+,B,W,W,W,,
,,,,4,B,B,+,+,W,B,B,B,,
,,,,5,W,B,B,W,B,W,W,W,,
,,,,6,+,+,-,+,+,+,+,+,,
,,,,7,W,W,B,W,B,W,W,W,,
,,,,8,W,W,B,W,B,W,W,W,,
level,turn,available gate,victory condition,,,,,,,,,,,comment
276,6,X/H/Y/CNOT/SWAP/Z,All white,,,,,,,,,,,auto generated (N=6, central, overlap)
,,,,,1,2,3,4,5,6,7,8,,
,,,,1,W,W,B,+,W,W,W,W,,
,,,,2,W,W,B,+,W,W,W,W,,
,,,,3,W,W,B,+,W,W,W,W,,
,,,,4,W,W,B,+,W,W,W,W,,
,,,,5,W,W,B,+,W,W,W,W,,
,,,,6,-,-,+,-,-,-,-,-,,
,,,,7,W,W,-,+,B,B,W,W,,
,,,,8,W,W,B,+,W,W,W,W,,
level,turn,available gate,victory condition,,,,,,,,,,,comment
277,6,X/H/Y/CNOT/SWAP/Z,All white,,,,,,,,,,,auto generated (N=6, central, overlap)
,,,,,1,2,3,4,5,6,7,8,,
,,,,1,W,W,W,W,W,+,W,W,,
,,,,2,W,W,W,W,W,+,W,W,,
,,,,3,W,W,W,W,W,+,W,W,,
,,,,4,W,W,W,W,+,B,B,W,,
,,,,5,B,B,B,B,W,+,+,B,,
,,,,6,W,W,W,-,W,W,+,W,,
,,,,7,W,W,W,W,W,+,W,W,,
,,,,8,W,W,W,W,W,+,W,W,,
level,turn,available gate,victory condition,,,,,,,,,,,comment
278,6,X/H/Y/CNOT/SWAP/Z,All white,,,,,,,,,,,auto generated (N=6, central, overlap)
,,,,,1,2,3,4,5,6,7,8,,
,,,,1,W,W,W,W,W,W,W,W,,
,,,,2,W,W,W,W,W,B,W,W,,
,,,,3,B,B,B,B,+,+,W,B,,
,,,,4,W,W,B,B,-,-,B,W,,
,,,,5,W,W,W,W,W,W,W,W,,
,,,,6,W,W,W,W,W,W,W,W,,
,,,,7,W,W,W,W,W,W,W,W,,
,,,,8,W,W,W,W,W,W,W,W,,
level,turn,available gate,victory condition,,,,,,,,,,,comment
279,6,X/H/Y/CNOT/SWAP/Z,All white,,,,,,,,,,,auto generated (N=6, central, overlap)
,,,,,1,2,3,4,5,6,7,8,,
,,,,1,W,W,W,W,W,W,W,W,,
,,,,2,W,W,W,W,W,W,W,W,,
,,,,3,B,B,B,-,B,+,B,B,,
,,,,4,W,W,W,W,W,W,W,W,,
,,,,5,W,W,W,-,+,W,W,W,,
,,,,6,B,B,B,B,B,B,B,B,,
,,,,7,W,W,W,W,W,W,W,W,,
,,,,8,W,W,W,W,W,W,W,W,,
level,turn,available gate,victory condition,,,,,,,,,,,comment
280,6,X/H/Y/CNOT/SWAP/Z,All white,,,,,,,,,,,auto generated (N=6, central, overlap)
,,,,,1,2,3,4,5,6,7,8,,
,,,,1,W,W,+,W,+,W,W,W,,
,,,,2,W,W,+,W,+,W,W,W,,
,,,,3,W,W,W,-,-,W,W,W,,
,,,,4,W,W,W,W,-,W,W,W,,
,,,,5,W,W,W,W,+,W,W,W,,
,,,,6,W,W,W,+,+,W,W,W,,
,,,,7,W,W,+,W,+,W,W,W,,
,,,,8,W,W,+,W,+,W,W,W,,
level,turn,available gate,victory condition,,,,,,,,,,,comment
281,6,X/H/Y/CNOT/SWAP/Z,All white,,,,,,,,,,,auto generated (N=6, central, overlap)
,,,,,1,2,3,4,5,6,7,8,,
,,,,1,W,W,W,W,+,B,W,W,,
,,,,2,W,W,W,W,+,B,W,W,,
,,,,3,W,W,W,W,+,B,W,W,,
,,,,4,W,W,W,W,+,+,+,W,,
,,,,5,B,B,B,+,-,-,-,B,,
,,,,6,B,B,B,B,W,W,B,B,,
,,,,7,W,W,W,W,+,B,W,W,,
,,,,8,W,W,W,W,+,B,W,W,,
level,turn,available gate,victory condition,,,,,,,,,,,comment
282,6,X/H/Y/CNOT/SWAP/Z,All white,,,,,,,,,,,auto generated (N=6, central, overlap)
,,,,,1,2,3,4,5,6,7,8,,
,,,,1,W,W,W,W,+,W,W,W,,
,,,,2,W,W,W,W,+,W,W,W,,
,,,,3,+,+,+,-,-,W,+,+,,
,,,,4,W,W,W,B,+,B,W,W,,
,,,,5,W,W,B,W,+,W,W,W,,
,,,,6,W,W,W,W,+,W,W,W,,
,,,,7,W,W,W,W,+,W,W,W,,
,,,,8,W,W,W,W,+,W,W,W,,
level,turn,available gate,victory condition,,,,,,,,,,,comment
283,6,X/H/Y/SWAP/Z/CNOT,All white,,,,,,,,,,,auto generated (N=7, central, overlap)
,,,,,1,2,3,4,5,6,7,8,,
,,,,1,W,W,W,W,W,W,W,W,,
,,,,2,W,W,W,W,W,W,W,W,,
,,,,3,B,B,W,W,W,W,B,B,,
,,,,4,W,W,W,W,W,B,W,W,,
,,,,5,B,B,W,W,W,B,B,B,,
,,,,6,W,W,W,W,W,W,W,W,,
,,,,7,W,W,W,W,W,W,W,W,,
,,,,8,W,W,W,W,W,W,W,W,,
level,turn,available gate,victory condition,,,,,,,,,,,comment
284,6,X/H/Y/SWAP/Z/CNOT,All white,,,,,,,,,,,auto generated (N=7, central, overlap)
,,,,,1,2,3,4,5,6,7,8,,
,,,,1,W,W,W,B,W,+,W,W,,
,,,,2,W,W,W,B,W,+,W,W,,
,,,,3,W,W,W,B,W,+,W,W,,
,,,,4,W,W,W,B,W,+,W,W,,
,,,,5,W,W,W,B,W,+,B,W,,
,,,,6,B,B,B,W,-,W,B,B,,
,,,,7,W,W,W,B,B,-,W,W,,
,,,,8,W,W,W,B,W,+,W,W,,
level,turn,available gate,victory condition,,,,,,,,,,,comment
285,6,X/H/Y/SWAP/Z/CNOT,All white,,,,,,,,,,,auto generated (N=7, central, overlap)
,,,,,1,2,3,4,5,6,7,8,,
,,,,1,W,W,W,+,W,W,W,W,,
,,,,2,W,W,W,+,W,W,W,W,,
,,,,3,W,W,W,+,W,W,W,W,,
,,,,4,W,W,W,B,+,W,W,W,,
,,,,5,W,W,-,+,-,W,W,W,,
,,,,6,W,W,+,B,W,W,W,W,,
,,,,7,W,W,B,+,W,W,W,W,,
,,,,8,W,W,W,+,W,W,W,W,,
level,turn,available gate,victory condition,,,,,,,,,,,comment
286,6,X/H/Y/SWAP/Z/CNOT,All white,,,,,,,,,,,auto generated (N=7, central, overlap)
,,,,,1,2,3,4,5,6,7,8,,
,,,,1,W,W,W,W,W,+,W,W,,
,,,,2,W,W,W,W,W,+,W,W,,
,,,,3,W,W,W,W,W,-,B,W,,
,,,,4,W,W,W,W,B,+,-,W,,
,,,,5,W,W,W,W,-,-,W,W,,
,,,,6,W,W,W,W,W,W,+,W,,
,,,,7,W,W,W,W,W,+,W,W,,
,,,,8,W,W,W,W,W,+,W,W,,
level,turn,available gate,victory condition,,,,,,,,,,,comment
287,6,X/H/Y/SWAP/Z/CNOT,All white,,,,,,,,,,,auto generated (N=7, central, overlap)
,,,,,1,2,3,4,5,6,7,8,,
,,,,1,W,W,W,W,W,W,W,W,,
,,,,2,W,W,W,W,W,W,W,W,,
,,,,3,W,W,W,+,W,W,+,W,,
,,,,4,W,W,W,-,W,W,+,W,,
,,,,5,B,B,B,B,+,-,B,B,,
,,,,6,W,W,W,W,W,W,W,W,,
,,,,7,W,W,W,W,W,W,W,W,,
,,,,8,W,W,W,W,W,W,W,W,,
level,turn,available gate,victory condition,,,,,,,,,,,comment
288,6,X/H/Y/SWAP/Z/CNOT,All white,,,,,,,,,,,auto generated (N=7, central, overlap)
,,,,,1,2,3,4,5,6,7,8,,
,,,,1,W,W,W,W,W,W,W,W,,
,,,,2,W,W,W,W,W,W,W,W,,
,,,,3,W,W,W,W,W,B,W,W,,
,,,,4,W,W,W,W,W,B,W,W,,
,,,,5,W,W,W,+,W,+,W,W,,
,,,,6,W,W,W,W,W,W,B,W,,
,,,,7,W,W,W,W,W,W,B,W,,
,,,,8,W,W,W,W,W,W,W,W,,
level,turn,available gate,victory condition,,,,,,,,,,,comment
289,7,X/H/Y/SWAP/Z/CNOT,All white,,,,,,,,,,,auto generated (N=7, central, overlap)
,,,,,1,2,3,4,5,6,7,8,,
,,,,1,W,W,+,W,W,W,W,W,,
,,,,2,W,W,+,W,W,W,W,W,,
,,,,3,W,W,W,-,B,W,B,W,,
,,,,4,B,B,W,-,W,W,B,B,,
,,,,5,W,W,-,B,W,W,W,W,,
,,,,6,W,W,-,B,W,W,W,W,,
,,,,7,W,W,+,W,W,W,W,W,,
,,,,8,W,W,+,W,W,W,W,W,,
level,turn,available gate,victory condition,,,,,,,,,,,comment
290,7,X/H/Y/SWAP/Z/CNOT,All white,,,,,,,,,,,auto generated (N=7, central, overlap)
,,,,,1,2,3,4,5,6,7,8,,
,,,,1,W,W,W,W,B,W,W,W,,
,,,,2,W,W,W,W,B,W,W,W,,
,,,,3,+,+,+,-,-,+,+,+,,
,,,,4,W,W,W,W,B,W,W,W,,
,,,,5,+,+,+,+,-,+,+,+,,
,,,,6,W,W,W,-,W,W,+,W,,
,,,,7,W,W,W,W,-,W,+,W,,
,,,,8,W,W,W,W,B,W,W,W,,
level,turn,available gate,victory condition,,,,,,,,,,,comment
291,7,X/H/Y/SWAP/Z/CNOT,All white,,,,,,,,,,,auto generated (N=7, central, overlap)
,,,,,1,2,3,4,5,6,7,8,,
,,,,1,W,W,W,-,W,W,W,W,,
,,,,2,W,W,W,-,W,W,W,W,,
,,,,3,B,B,B,B,B,B,B,B,,
,,,,4,+,+,-,B,B,+,+,+,,
,,,,5,W,W,B,-,W,W,W,W,,
,,,,6,W,W,B,-,W,W,W,W,,
,,,,7,W,W,W,-,W,W,W,W,,
,,,,8,W,W,W,-,W,W,W,W,,
level,turn,available gate,victory condition,,,,,,,,,,,comment
292,7,X/H/Y/SWAP/Z/CNOT,All white,,,,,,,,,,,auto generated (N=7, central, overlap)
,,,,,1,2,3,4,5,6,7,8,,
,,,,1,W,W,+,W,B,W,W,W,,
,,,,2,W,W,+,W,B,W,W,W,,
,,,,3,W,W,+,W,B,W,W,W,,
,,,,4,W,W,+,W,B,W,W,W,,
,,,,5,W,W,+,W,B,B,B,W,,
,,,,6,+,+,B,W,B,+,+,+,,
,,,,7,W,W,+,+,+,W,W,W,,
,,,,8,W,W,+,W,B,W,W,W,,
level,turn,available gate,victory condition,,,,,,,,,,,comment
293,7,X/H/Y/SWAP/Z/CNOT,All white,,,,,,,,,,,auto generated (N=7, central, overlap)
,,,,,1,2,3,4,5,6,7,8,,
,,,,1,W,W,W,W,W,W,W,W,,
,,,,2,W,W,W,W,W,W,W,W,,
,,,,3,W,W,W,W,W,W,W,W,,
,,,,4,W,W,W,W,W,W,W,W,,
,,,,5,W,W,W,W,W,W,W,W,,
,,,,6,-,-,-,+,-,B,+,-,,
,,,,7,W,W,W,+,-,-,B,W,,
,,,,8,W,W,W,W,W,W,W,W,,
level,turn,available gate,victory condition,,,,,,,,,,,comment
294,7,X/H/Y/SWAP/Z/CNOT,All white,,,,,,,,,,,auto generated (N=7, central, overlap)
,,,,,1,2,3,4,5,6,7,8,,
,,,,1,W,W,W,+,W,W,W,W,,
,,,,2,W,W,W,+,W,W,W,W,,
,,,,3,B,B,B,+,B,B,B,B,,
,,,,4,W,W,B,-,W,B,B,W,,
,,,,5,-,-,-,B,-,+,+,-,,
,,,,6,W,W,W,+,W,W,W,W,,
,,,,7,W,W,W,+,W,W,W,W,,
,,,,8,W,W,W,+,W,W,W,W,,
level,turn,available gate,victory condition,,,,,,,,,,,comment
295,7,X/H/Y/SWAP/Z/CNOT,All white,,,,,,,,,,,auto generated (N=7, central, overlap)
,,,,,1,2,3,4,5,6,7,8,,
,,,,1,W,W,B,B,W,W,W,W,,
,,,,2,W,W,B,W,W,W,W,W,,
,,,,3,W,B,B,B,W,W,W,W,,
,,,,4,+,+,+,-,+,-,-,+,,
,,,,5,W,W,B,B,W,B,B,W,,
,,,,6,W,W,W,B,W,W,W,W,,
,,,,7,W,W,B,W,W,W,W,W,,
,,,,8,W,W,B,B,W,W,W,W,,
level,turn,available gate,victory condition,,,,,,,,,,,comment
296,7,X/H/Y/SWAP/Z/CNOT,All white,,,,,,,,,,,auto generated (N=7, central, overlap)
,,,,,1,2,3,4,5,6,7,8,,
,,,,1,W,W,W,W,W,B,W,W,,
,,,,2,W,W,W,W,W,B,W,W,,
,,,,3,W,W,W,W,W,B,W,W,,
,,,,4,+,+,+,+,+,W,W,+,,
,,,,5,W,W,W,W,W,-,-,W,,
,,,,6,B,B,B,B,+,-,W,B,,
,,,,7,W,W,W,W,+,+,W,W,,
,,,,8,W,W,W,W,W,B,W,W,,
level,turn,available gate,victory condition,,,,,,,,,,,comment
297,7,X/H/Y/SWAP/Z/CNOT,All white,,,,,,,,,,,auto generated (N=7, central, overlap)
,,,,,1,2,3,4,5,6,7,8,,
,,,,1,W,W,B,+,B,W,W,W,,
,,,,2,W,W,B,+,B,W,W,W,,
,,,,3,W,W,B,+,B,W,W,W,,
,,,,4,W,W,B,+,B,W,W,W,,
,,,,5,W,W,W,+,B,W,W,W,,
,,,,6,B,B,W,B,+,B,B,B,,
,,,,7,W,W,W,B,-,W,W,W,,
,,,,8,W,W,B,+,B,W,W,W,,
level,turn,available gate,victory condition,,,,,,,,,,,comment
298,7,X/H/Y/SWAP/Z/CNOT,All white,,,,,,,,,,,auto generated (N=7, central, overlap)
,,,,,1,2,3,4,5,6,7,8,,
,,,,1,W,W,W,+,W,W,W,W,,
,,,,2,W,W,W,+,W,W,W,W,,
,,,,3,W,W,W,+,W,W,W,W,,
,,,,4,W,W,W,-,+,+,W,W,,
,,,,5,W,W,B,-,W,B,W,W,,
,,,,6,W,W,B,+,-,+,W,W,,
,,,,7,W,W,W,-,B,W,W,W,,
,,,,8,W,W,W,+,W,W,W,W,,
level,turn,available gate,victory condition,,,,,,,,,,,comment
299,7,X/H/Y/SWAP/Z/CNOT,All white,,,,,,,,,,,auto generated (N=7, central, overlap)
,,,,,1,2,3,4,5,6,7,8,,
,,,,1,W,W,W,+,W,W,W,W,,
,,,,2,W,W,W,+,W,W,W,W,,
,,,,3,W,W,W,+,W,W,W,W,,
,,,,4,B,B,+,W,B,B,B,B,,
,,,,5,B,B,-,+,-,B,B,B,,
,,,,6,W,W,W,+,W,W,W,W,,
,,,,7,W,W,W,W,+,W,W,W,,
,,,,8,W,W,W,+,W,W,W,W,,
level,turn,available gate,victory condition,,,,,,,,,,,comment
300,8,X/H/Y/SWAP/Z/CNOT,All white,,,,,,,,,,,Final
,,,,,1,2,3,4,5,6,7,8,,
,,,,1,W,W,W,W,W,W,W,W,,
,,,,2,W,W,W,W,W,W,W,W,,
,,,,3,W,W,B,B,B,B,W,W,,
,,,,4,W,W,B,W,-,B,W,W,,
,,,,5,W,W,B,+,B,B,W,W,,
,,,,6,W,W,B,B,B,B,W,W,,
,,,,7,W,W,W,W,W,W,W,W,,
,,,,8,W,W,W,W,W,W,W,W,,